id,firstname,lastname,email1,email2,profession
0,Shell,Carri,Shell.Carri@yopmail.com,Shell.Carri@gmail.com,firefighter
1,Trudie,Stover,Trudie.Stover@yopmail.com,Trudie.Stover@gmail.com,developer
2,Sara-Ann,Kristi,Sara-Ann.Kristi@yopmail.com,Sara-Ann.Kristi@gmail.com,firefighter
3,Lisette,Kermit,Lisette.Kermit@yopmail.com,Lisette.Kermit@gmail.com,developer
4,Briney,Jorgan,Briney.Jorgan@yopmail.com,Briney.Jorgan@gmail.com,firefighter
5,Magdalena,Ulphia,Magdalena.Ulphia@yopmail.com,Magdalena.Ulphia@gmail.com,developer
6,Diena,Carri,Diena.Carri@yopmail.com,Diena.Carri@gmail.com,developer
7,Annice,Lail,Annice.Lail@yopmail.com,Annice.Lail@gmail.com,police officer
8,Melina,Haymes,Melina.Haymes@yopmail.com,Melina.Haymes@gmail.com,worker
9,Marjie,Bach,Marjie.Bach@yopmail.com,Marjie.Bach@gmail.com,firefighter
10,Harmonia,Persse,Harmonia.Persse@yopmail.com,Harmonia.Persse@gmail.com,worker
11,Demetris,Matthew,Demetris.Matthew@yopmail.com,Demetris.Matthew@gmail.com,firefighter
12,Cathyleen,Bettine,Cathyleen.Bettine@yopmail.com,Cathyleen.Bettine@gmail.com,doctor
13,Aimil,Engdahl,Aimil.Engdahl@yopmail.com,Aimil.Engdahl@gmail.com,developer
14,Candi,Brieta,Candi.Brieta@yopmail.com,Candi.Brieta@gmail.com,worker
15,Frances,Simmonds,Frances.Simmonds@yopmail.com,Frances.Simmonds@gmail.com,worker
16,Lulita,Hanshaw,Lulita.Hanshaw@yopmail.com,Lulita.Hanshaw@gmail.com,doctor
17,Lolita,Shuler,Lolita.Shuler@yopmail.com,Lolita.Shuler@gmail.com,doctor
18,Rori,O'Carroll,Rori.O'Carroll@yopmail.com,Rori.O'Carroll@gmail.com,police officer
19,Cyndie,Madox,Cyndie.Madox@yopmail.com,Cyndie.Madox@gmail.com,doctor
20,Dale,Liva,Dale.Liva@yopmail.com,Dale.Liva@gmail.com,worker
21,Tonia,Granoff,Tonia.Granoff@yopmail.com,Tonia.Granoff@gmail.com,doctor
22,Sharlene,Dituri,Sharlene.Dituri@yopmail.com,Sharlene.Dituri@gmail.com,doctor
23,Tera,Holbrook,Tera.Holbrook@yopmail.com,Tera.Holbrook@gmail.com,firefighter
24,Lanae,Durante,Lanae.Durante@yopmail.com,Lanae.Durante@gmail.com,doctor
25,Brianna,Wind,Brianna.Wind@yopmail.com,Brianna.Wind@gmail.com,police officer
26,Aeriela,Alfons,Aeriela.Alfons@yopmail.com,Aeriela.Alfons@gmail.com,firefighter
27,Althea,Chobot,Althea.Chobot@yopmail.com,Althea.Chobot@gmail.com,developer
28,Jacquetta,Desai,Jacquetta.Desai@yopmail.com,Jacquetta.Desai@gmail.com,developer
29,Tierney,Seligman,Tierney.Seligman@yopmail.com,Tierney.Seligman@gmail.com,worker
30,Madelle,Uund,Madelle.Uund@yopmail.com,Madelle.Uund@gmail.com,developer
31,Myriam,Bearnard,Myriam.Bearnard@yopmail.com,Myriam.Bearnard@gmail.com,worker
32,Andeee,Franza,Andeee.Franza@yopmail.com,Andeee.Franza@gmail.com,worker
33,Aubrie,Horan,Aubrie.Horan@yopmail.com,Aubrie.Horan@gmail.com,worker
34,Tatiania,Granoff,Tatiania.Granoff@yopmail.com,Tatiania.Granoff@gmail.com,doctor
35,Shirlee,Pacorro,Shirlee.Pacorro@yopmail.com,Shirlee.Pacorro@gmail.com,doctor
36,Courtnay,Persse,Courtnay.Persse@yopmail.com,Courtnay.Persse@gmail.com,firefighter
37,Aigneis,Erminia,Aigneis.Erminia@yopmail.com,Aigneis.Erminia@gmail.com,developer
38,Ariela,Vastah,Ariela.Vastah@yopmail.com,Ariela.Vastah@gmail.com,police officer
39,Consuela,Zaslow,Consuela.Zaslow@yopmail.com,Consuela.Zaslow@gmail.com,worker
40,Shannah,Kirstin,Shannah.Kirstin@yopmail.com,Shannah.Kirstin@gmail.com,developer
41,Emilia,Heisel,Emilia.Heisel@yopmail.com,Emilia.Heisel@gmail.com,police officer
42,Sybille,Mitzi,Sybille.Mitzi@yopmail.com,Sybille.Mitzi@gmail.com,firefighter
43,Romona,Cherianne,Romona.Cherianne@yopmail.com,Romona.Cherianne@gmail.com,firefighter
44,Kathi,Chaing,Kathi.Chaing@yopmail.com,Kathi.Chaing@gmail.com,doctor
45,Zia,Cadmar,Zia.Cadmar@yopmail.com,Zia.Cadmar@gmail.com,police officer
46,Eugine,Artie,Eugine.Artie@yopmail.com,Eugine.Artie@gmail.com,police officer
47,Jasmina,Moseley,Jasmina.Moseley@yopmail.com,Jasmina.Moseley@gmail.com,doctor
48,Elora,Middleton,Elora.Middleton@yopmail.com,Elora.Middleton@gmail.com,developer
49,Justinn,Lane,Justinn.Lane@yopmail.com,Justinn.Lane@gmail.com,developer
50,Rhea,Brenn,Rhea.Brenn@yopmail.com,Rhea.Brenn@gmail.com,worker
51,Ninnetta,Helve,Ninnetta.Helve@yopmail.com,Ninnetta.Helve@gmail.com,police officer
52,Elvira,Dorothy,Elvira.Dorothy@yopmail.com,Elvira.Dorothy@gmail.com,police officer
53,Hollie,Vittoria,Hollie.Vittoria@yopmail.com,Hollie.Vittoria@gmail.com,firefighter
54,Sallie,Stelle,Sallie.Stelle@yopmail.com,Sallie.Stelle@gmail.com,worker
55,Louella,Tarrant,Louella.Tarrant@yopmail.com,Louella.Tarrant@gmail.com,police officer
56,Nadine,Clie,Nadine.Clie@yopmail.com,Nadine.Clie@gmail.com,police officer
57,Ileana,Poll,Ileana.Poll@yopmail.com,Ileana.Poll@gmail.com,worker
58,Mireielle,Kristi,Mireielle.Kristi@yopmail.com,Mireielle.Kristi@gmail.com,developer
59,Gianina,O'Neill,Gianina.O'Neill@yopmail.com,Gianina.O'Neill@gmail.com,firefighter
60,Annecorinne,Jenness,Annecorinne.Jenness@yopmail.com,Annecorinne.Jenness@gmail.com,worker
61,Donetta,Rillings,Donetta.Rillings@yopmail.com,Donetta.Rillings@gmail.com,worker
62,Claudina,Mitzi,Claudina.Mitzi@yopmail.com,Claudina.Mitzi@gmail.com,firefighter
63,Cassandra,Ovid,Cassandra.Ovid@yopmail.com,Cassandra.Ovid@gmail.com,developer
64,Lelah,Ezar,Lelah.Ezar@yopmail.com,Lelah.Ezar@gmail.com,firefighter
65,Desirae,Alabaster,Desirae.Alabaster@yopmail.com,Desirae.Alabaster@gmail.com,doctor
66,Elyssa,Roscoe,Elyssa.Roscoe@yopmail.com,Elyssa.Roscoe@gmail.com,police officer
67,Pearline,Chabot,Pearline.Chabot@yopmail.com,Pearline.Chabot@gmail.com,doctor
68,Nadine,Sholley,Nadine.Sholley@yopmail.com,Nadine.Sholley@gmail.com,doctor
69,Chrystel,Rosalba,Chrystel.Rosalba@yopmail.com,Chrystel.Rosalba@gmail.com,developer
70,Nananne,Erb,Nananne.Erb@yopmail.com,Nananne.Erb@gmail.com,developer
71,Maryellen,Kenwood,Maryellen.Kenwood@yopmail.com,Maryellen.Kenwood@gmail.com,worker
72,Caryl,Tybald,Caryl.Tybald@yopmail.com,Caryl.Tybald@gmail.com,police officer
73,Maryellen,Bennie,Maryellen.Bennie@yopmail.com,Maryellen.Bennie@gmail.com,worker
74,Kimberley,Garek,Kimberley.Garek@yopmail.com,Kimberley.Garek@gmail.com,developer
75,Louella,Abernon,Louella.Abernon@yopmail.com,Louella.Abernon@gmail.com,police officer
76,Allis,Darrell,Allis.Darrell@yopmail.com,Allis.Darrell@gmail.com,firefighter
77,Verla,Alexandr,Verla.Alexandr@yopmail.com,Verla.Alexandr@gmail.com,worker
78,Althea,Albertine,Althea.Albertine@yopmail.com,Althea.Albertine@gmail.com,doctor
79,Roz,Ahab,Roz.Ahab@yopmail.com,Roz.Ahab@gmail.com,worker
80,Gaylene,Linskey,Gaylene.Linskey@yopmail.com,Gaylene.Linskey@gmail.com,police officer
81,Christian,Wandie,Christian.Wandie@yopmail.com,Christian.Wandie@gmail.com,worker
82,Kristan,Monaco,Kristan.Monaco@yopmail.com,Kristan.Monaco@gmail.com,police officer
83,Nadine,Ethban,Nadine.Ethban@yopmail.com,Nadine.Ethban@gmail.com,worker
84,Tersina,Fleeta,Tersina.Fleeta@yopmail.com,Tersina.Fleeta@gmail.com,developer
85,Joeann,Skurnik,Joeann.Skurnik@yopmail.com,Joeann.Skurnik@gmail.com,firefighter
86,Rubie,Buckler,Rubie.Buckler@yopmail.com,Rubie.Buckler@gmail.com,police officer
87,Blondelle,Stanwood,Blondelle.Stanwood@yopmail.com,Blondelle.Stanwood@gmail.com,firefighter
88,Beth,Frendel,Beth.Frendel@yopmail.com,Beth.Frendel@gmail.com,doctor
89,Lily,Malina,Lily.Malina@yopmail.com,Lily.Malina@gmail.com,doctor
90,Emma,Maurine,Emma.Maurine@yopmail.com,Emma.Maurine@gmail.com,police officer
91,Jessy,Schwejda,Jessy.Schwejda@yopmail.com,Jessy.Schwejda@gmail.com,worker
92,Adriana,Mott,Adriana.Mott@yopmail.com,Adriana.Mott@gmail.com,doctor
93,Kristan,Pillsbury,Kristan.Pillsbury@yopmail.com,Kristan.Pillsbury@gmail.com,worker
94,Jasmina,Roche,Jasmina.Roche@yopmail.com,Jasmina.Roche@gmail.com,firefighter
95,Pollyanna,Rona,Pollyanna.Rona@yopmail.com,Pollyanna.Rona@gmail.com,doctor
96,Kittie,Euridice,Kittie.Euridice@yopmail.com,Kittie.Euridice@gmail.com,worker
97,Stephanie,Woodberry,Stephanie.Woodberry@yopmail.com,Stephanie.Woodberry@gmail.com,police officer
98,Kristan,Daniele,Kristan.Daniele@yopmail.com,Kristan.Daniele@gmail.com,worker
99,Angela,Alrich,Angela.Alrich@yopmail.com,Angela.Alrich@gmail.com,police officer
100,Celene,Rad,Celene.Rad@yopmail.com,Celene.Rad@gmail.com,worker
101,Rhea,Estella,Rhea.Estella@yopmail.com,Rhea.Estella@gmail.com,doctor
102,Arlina,Lewes,Arlina.Lewes@yopmail.com,Arlina.Lewes@gmail.com,developer
103,Anestassia,Crudden,Anestassia.Crudden@yopmail.com,Anestassia.Crudden@gmail.com,firefighter
104,Sadie,Carolin,Sadie.Carolin@yopmail.com,Sadie.Carolin@gmail.com,police officer
105,Hettie,Joni,Hettie.Joni@yopmail.com,Hettie.Joni@gmail.com,developer
106,Doralynne,Brodench,Doralynne.Brodench@yopmail.com,Doralynne.Brodench@gmail.com,doctor
107,Peri,Urania,Peri.Urania@yopmail.com,Peri.Urania@gmail.com,doctor
108,Doralynne,Nahum,Doralynne.Nahum@yopmail.com,Doralynne.Nahum@gmail.com,developer
109,Helsa,Vittoria,Helsa.Vittoria@yopmail.com,Helsa.Vittoria@gmail.com,police officer
110,Leanna,Seumas,Leanna.Seumas@yopmail.com,Leanna.Seumas@gmail.com,firefighter
111,Vita,Ludewig,Vita.Ludewig@yopmail.com,Vita.Ludewig@gmail.com,police officer
112,Merle,Kevon,Merle.Kevon@yopmail.com,Merle.Kevon@gmail.com,police officer
113,Steffane,Bartlett,Steffane.Bartlett@yopmail.com,Steffane.Bartlett@gmail.com,worker
114,Ermengarde,Poppy,Ermengarde.Poppy@yopmail.com,Ermengarde.Poppy@gmail.com,doctor
115,Ginnie,Doig,Ginnie.Doig@yopmail.com,Ginnie.Doig@gmail.com,police officer
116,Brana,Isidore,Brana.Isidore@yopmail.com,Brana.Isidore@gmail.com,worker
117,Anestassia,Fabiola,Anestassia.Fabiola@yopmail.com,Anestassia.Fabiola@gmail.com,firefighter
118,Britte,Allys,Britte.Allys@yopmail.com,Britte.Allys@gmail.com,worker
119,Arlina,Afton,Arlina.Afton@yopmail.com,Arlina.Afton@gmail.com,doctor
120,Emma,Gamaliel,Emma.Gamaliel@yopmail.com,Emma.Gamaliel@gmail.com,firefighter
121,Hildegaard,Karna,Hildegaard.Karna@yopmail.com,Hildegaard.Karna@gmail.com,doctor
122,Claresta,Turne,Claresta.Turne@yopmail.com,Claresta.Turne@gmail.com,police officer
123,Louella,Bigner,Louella.Bigner@yopmail.com,Louella.Bigner@gmail.com,worker
124,Beatriz,Roarke,Beatriz.Roarke@yopmail.com,Beatriz.Roarke@gmail.com,worker
125,Libbie,Wenoa,Libbie.Wenoa@yopmail.com,Libbie.Wenoa@gmail.com,developer
126,Winifred,Nickola,Winifred.Nickola@yopmail.com,Winifred.Nickola@gmail.com,firefighter
127,Ricky,Melony,Ricky.Melony@yopmail.com,Ricky.Melony@gmail.com,developer
128,Marylou,Billye,Marylou.Billye@yopmail.com,Marylou.Billye@gmail.com,police officer
129,Talya,Baylor,Talya.Baylor@yopmail.com,Talya.Baylor@gmail.com,worker
130,Dulcinea,Candy,Dulcinea.Candy@yopmail.com,Dulcinea.Candy@gmail.com,doctor
131,Hildegaard,Durante,Hildegaard.Durante@yopmail.com,Hildegaard.Durante@gmail.com,firefighter
132,Angela,Blisse,Angela.Blisse@yopmail.com,Angela.Blisse@gmail.com,doctor
133,Sean,Eben,Sean.Eben@yopmail.com,Sean.Eben@gmail.com,worker
134,Flo,Podvin,Flo.Podvin@yopmail.com,Flo.Podvin@gmail.com,worker
135,Loree,Nedrud,Loree.Nedrud@yopmail.com,Loree.Nedrud@gmail.com,police officer
136,Quintina,Mandler,Quintina.Mandler@yopmail.com,Quintina.Mandler@gmail.com,firefighter
137,Babita,Noman,Babita.Noman@yopmail.com,Babita.Noman@gmail.com,police officer
138,Kathy,Durante,Kathy.Durante@yopmail.com,Kathy.Durante@gmail.com,doctor
139,Elie,Bettine,Elie.Bettine@yopmail.com,Elie.Bettine@gmail.com,worker
140,Sonni,Philoo,Sonni.Philoo@yopmail.com,Sonni.Philoo@gmail.com,firefighter
141,Mady,Belldas,Mady.Belldas@yopmail.com,Mady.Belldas@gmail.com,doctor
142,Di,Screens,Di.Screens@yopmail.com,Di.Screens@gmail.com,doctor
143,Consuela,Hollingsworth,Consuela.Hollingsworth@yopmail.com,Consuela.Hollingsworth@gmail.com,worker
144,Demetris,Hashim,Demetris.Hashim@yopmail.com,Demetris.Hashim@gmail.com,police officer
145,Josephine,Cottle,Josephine.Cottle@yopmail.com,Josephine.Cottle@gmail.com,doctor
146,Harrietta,Cynar,Harrietta.Cynar@yopmail.com,Harrietta.Cynar@gmail.com,police officer
147,Nananne,Lemuela,Nananne.Lemuela@yopmail.com,Nananne.Lemuela@gmail.com,police officer
148,Violet,Harned,Violet.Harned@yopmail.com,Violet.Harned@gmail.com,doctor
149,Lindie,Mich,Lindie.Mich@yopmail.com,Lindie.Mich@gmail.com,worker
150,Johna,Gerge,Johna.Gerge@yopmail.com,Johna.Gerge@gmail.com,developer
151,Esmeralda,Delacourt,Esmeralda.Delacourt@yopmail.com,Esmeralda.Delacourt@gmail.com,police officer
152,Jessamyn,Yerkovich,Jessamyn.Yerkovich@yopmail.com,Jessamyn.Yerkovich@gmail.com,developer
153,Melodie,Tannie,Melodie.Tannie@yopmail.com,Melodie.Tannie@gmail.com,doctor
154,Bernie,Mayeda,Bernie.Mayeda@yopmail.com,Bernie.Mayeda@gmail.com,doctor
155,Joeann,Zola,Joeann.Zola@yopmail.com,Joeann.Zola@gmail.com,developer
156,Elyssa,Parsaye,Elyssa.Parsaye@yopmail.com,Elyssa.Parsaye@gmail.com,developer
157,Katharina,Zeeba,Katharina.Zeeba@yopmail.com,Katharina.Zeeba@gmail.com,firefighter
158,Edee,Barrus,Edee.Barrus@yopmail.com,Edee.Barrus@gmail.com,doctor
159,Drucie,Philoo,Drucie.Philoo@yopmail.com,Drucie.Philoo@gmail.com,worker
160,Estell,Hillel,Estell.Hillel@yopmail.com,Estell.Hillel@gmail.com,doctor
161,Quintina,Hanshaw,Quintina.Hanshaw@yopmail.com,Quintina.Hanshaw@gmail.com,developer
162,Alejandra,Haymes,Alejandra.Haymes@yopmail.com,Alejandra.Haymes@gmail.com,worker
163,Louella,Latini,Louella.Latini@yopmail.com,Louella.Latini@gmail.com,firefighter
164,Frances,Mike,Frances.Mike@yopmail.com,Frances.Mike@gmail.com,developer
165,Bee,Stover,Bee.Stover@yopmail.com,Bee.Stover@gmail.com,worker
166,Konstance,Morrill,Konstance.Morrill@yopmail.com,Konstance.Morrill@gmail.com,firefighter
167,Janis,Noman,Janis.Noman@yopmail.com,Janis.Noman@gmail.com,doctor
168,Madelle,Vale,Madelle.Vale@yopmail.com,Madelle.Vale@gmail.com,worker
169,Lenna,Alexandr,Lenna.Alexandr@yopmail.com,Lenna.Alexandr@gmail.com,doctor
170,Zsa Zsa,Krystle,Zsa Zsa.Krystle@yopmail.com,Zsa Zsa.Krystle@gmail.com,doctor
171,Viki,Chick,Viki.Chick@yopmail.com,Viki.Chick@gmail.com,firefighter
172,Bernardine,Dannye,Bernardine.Dannye@yopmail.com,Bernardine.Dannye@gmail.com,worker
173,Bettine,Ferino,Bettine.Ferino@yopmail.com,Bettine.Ferino@gmail.com,police officer
174,Correy,Fiester,Correy.Fiester@yopmail.com,Correy.Fiester@gmail.com,doctor
175,Marti,Ferrell,Marti.Ferrell@yopmail.com,Marti.Ferrell@gmail.com,doctor
176,Gavrielle,Ephrem,Gavrielle.Ephrem@yopmail.com,Gavrielle.Ephrem@gmail.com,developer
177,Millie,Simmonds,Millie.Simmonds@yopmail.com,Millie.Simmonds@gmail.com,firefighter
178,Lexine,Colbert,Lexine.Colbert@yopmail.com,Lexine.Colbert@gmail.com,doctor
179,Gerianna,Baudin,Gerianna.Baudin@yopmail.com,Gerianna.Baudin@gmail.com,doctor
180,Kenna,Goldina,Kenna.Goldina@yopmail.com,Kenna.Goldina@gmail.com,worker
181,Viki,Suk,Viki.Suk@yopmail.com,Viki.Suk@gmail.com,doctor
182,Libbie,Abbot,Libbie.Abbot@yopmail.com,Libbie.Abbot@gmail.com,police officer
183,Lyssa,Byrne,Lyssa.Byrne@yopmail.com,Lyssa.Byrne@gmail.com,developer
184,Blondelle,Ogren,Blondelle.Ogren@yopmail.com,Blondelle.Ogren@gmail.com,worker
185,Asia,Joseph,Asia.Joseph@yopmail.com,Asia.Joseph@gmail.com,developer
186,Susan,Annabella,Susan.Annabella@yopmail.com,Susan.Annabella@gmail.com,police officer
187,Wilma,Emmaline,Wilma.Emmaline@yopmail.com,Wilma.Emmaline@gmail.com,worker
188,Justinn,Hoban,Justinn.Hoban@yopmail.com,Justinn.Hoban@gmail.com,developer
189,Jaime,Leler,Jaime.Leler@yopmail.com,Jaime.Leler@gmail.com,doctor
190,Cyb,Bonucci,Cyb.Bonucci@yopmail.com,Cyb.Bonucci@gmail.com,developer
191,Selia,Sherfield,Selia.Sherfield@yopmail.com,Selia.Sherfield@gmail.com,worker
192,Emelina,Harl,Emelina.Harl@yopmail.com,Emelina.Harl@gmail.com,police officer
193,Imojean,Giule,Imojean.Giule@yopmail.com,Imojean.Giule@gmail.com,developer
194,Maye,Mullane,Maye.Mullane@yopmail.com,Maye.Mullane@gmail.com,firefighter
195,Ezmeralda,Dunkin,Ezmeralda.Dunkin@yopmail.com,Ezmeralda.Dunkin@gmail.com,doctor
196,Larine,Earlie,Larine.Earlie@yopmail.com,Larine.Earlie@gmail.com,worker
197,Chastity,Percy,Chastity.Percy@yopmail.com,Chastity.Percy@gmail.com,police officer
198,Nariko,Dearborn,Nariko.Dearborn@yopmail.com,Nariko.Dearborn@gmail.com,worker
199,Coral,An,Coral.An@yopmail.com,Coral.An@gmail.com,worker
200,Viviene,Saint,Viviene.Saint@yopmail.com,Viviene.Saint@gmail.com,doctor
201,Rosanne,Chauncey,Rosanne.Chauncey@yopmail.com,Rosanne.Chauncey@gmail.com,doctor
202,Misha,Argus,Misha.Argus@yopmail.com,Misha.Argus@gmail.com,police officer
203,Rosaline,Sigfrid,Rosaline.Sigfrid@yopmail.com,Rosaline.Sigfrid@gmail.com,police officer
204,Misha,Lea,Misha.Lea@yopmail.com,Misha.Lea@gmail.com,police officer
205,Modestia,Shanley,Modestia.Shanley@yopmail.com,Modestia.Shanley@gmail.com,worker
206,Gabriellia,Cressida,Gabriellia.Cressida@yopmail.com,Gabriellia.Cressida@gmail.com,doctor
207,Rochette,Jacinda,Rochette.Jacinda@yopmail.com,Rochette.Jacinda@gmail.com,doctor
208,Mariele,Baylor,Mariele.Baylor@yopmail.com,Mariele.Baylor@gmail.com,worker
209,Quintina,Belanger,Quintina.Belanger@yopmail.com,Quintina.Belanger@gmail.com,worker
210,Consuela,Cleavland,Consuela.Cleavland@yopmail.com,Consuela.Cleavland@gmail.com,doctor
211,Dawn,Brieta,Dawn.Brieta@yopmail.com,Dawn.Brieta@gmail.com,developer
212,Tiffie,Francyne,Tiffie.Francyne@yopmail.com,Tiffie.Francyne@gmail.com,police officer
213,Kalina,Dreda,Kalina.Dreda@yopmail.com,Kalina.Dreda@gmail.com,worker
214,Lory,Gwenore,Lory.Gwenore@yopmail.com,Lory.Gwenore@gmail.com,developer
215,Alisha,Fadiman,Alisha.Fadiman@yopmail.com,Alisha.Fadiman@gmail.com,worker
216,Corina,Tryck,Corina.Tryck@yopmail.com,Corina.Tryck@gmail.com,firefighter
217,Petronia,Joseph,Petronia.Joseph@yopmail.com,Petronia.Joseph@gmail.com,doctor
218,Ezmeralda,Hepsibah,Ezmeralda.Hepsibah@yopmail.com,Ezmeralda.Hepsibah@gmail.com,worker
219,Myriam,Oster,Myriam.Oster@yopmail.com,Myriam.Oster@gmail.com,firefighter
220,Kate,Malvino,Kate.Malvino@yopmail.com,Kate.Malvino@gmail.com,police officer
221,Zondra,Means,Zondra.Means@yopmail.com,Zondra.Means@gmail.com,police officer
222,Patricia,Raama,Patricia.Raama@yopmail.com,Patricia.Raama@gmail.com,firefighter
223,Debee,Afton,Debee.Afton@yopmail.com,Debee.Afton@gmail.com,firefighter
224,Mamie,Rooney,Mamie.Rooney@yopmail.com,Mamie.Rooney@gmail.com,developer
225,Fawne,Zuzana,Fawne.Zuzana@yopmail.com,Fawne.Zuzana@gmail.com,worker
226,Myrtice,Noelyn,Myrtice.Noelyn@yopmail.com,Myrtice.Noelyn@gmail.com,developer
227,Dawn,Clywd,Dawn.Clywd@yopmail.com,Dawn.Clywd@gmail.com,firefighter
228,Isa,Jess,Isa.Jess@yopmail.com,Isa.Jess@gmail.com,worker
229,Penelopa,Skell,Penelopa.Skell@yopmail.com,Penelopa.Skell@gmail.com,police officer
230,Keelia,Percy,Keelia.Percy@yopmail.com,Keelia.Percy@gmail.com,worker
231,Cindelyn,Mata,Cindelyn.Mata@yopmail.com,Cindelyn.Mata@gmail.com,worker
232,Georgina,Agle,Georgina.Agle@yopmail.com,Georgina.Agle@gmail.com,worker
233,Philis,Oneida,Philis.Oneida@yopmail.com,Philis.Oneida@gmail.com,police officer
234,Gwyneth,Oscar,Gwyneth.Oscar@yopmail.com,Gwyneth.Oscar@gmail.com,doctor
235,Jordan,Ivens,Jordan.Ivens@yopmail.com,Jordan.Ivens@gmail.com,developer
236,Rivalee,Darbie,Rivalee.Darbie@yopmail.com,Rivalee.Darbie@gmail.com,worker
237,Philis,Elsinore,Philis.Elsinore@yopmail.com,Philis.Elsinore@gmail.com,firefighter
238,Jenilee,Lumbard,Jenilee.Lumbard@yopmail.com,Jenilee.Lumbard@gmail.com,police officer
239,Fina,Alwin,Fina.Alwin@yopmail.com,Fina.Alwin@gmail.com,police officer
240,Hope,Plato,Hope.Plato@yopmail.com,Hope.Plato@gmail.com,developer
241,Sophia,Jeanne,Sophia.Jeanne@yopmail.com,Sophia.Jeanne@gmail.com,worker
242,Carly,Ricki,Carly.Ricki@yopmail.com,Carly.Ricki@gmail.com,developer
243,Latisha,Llovera,Latisha.Llovera@yopmail.com,Latisha.Llovera@gmail.com,doctor
244,Codie,Trace,Codie.Trace@yopmail.com,Codie.Trace@gmail.com,police officer
245,Raina,Ulphia,Raina.Ulphia@yopmail.com,Raina.Ulphia@gmail.com,police officer
246,Desirae,Cloris,Desirae.Cloris@yopmail.com,Desirae.Cloris@gmail.com,police officer
247,Ilse,Gusella,Ilse.Gusella@yopmail.com,Ilse.Gusella@gmail.com,worker
248,Modestia,Hermes,Modestia.Hermes@yopmail.com,Modestia.Hermes@gmail.com,developer
249,Benita,Amethist,Benita.Amethist@yopmail.com,Benita.Amethist@gmail.com,developer
250,Carolina,Carlson,Carolina.Carlson@yopmail.com,Carolina.Carlson@gmail.com,firefighter
251,Kimmy,Estella,Kimmy.Estella@yopmail.com,Kimmy.Estella@gmail.com,police officer
252,Rori,Aloise,Rori.Aloise@yopmail.com,Rori.Aloise@gmail.com,worker
253,Quintina,Vernier,Quintina.Vernier@yopmail.com,Quintina.Vernier@gmail.com,doctor
254,Tybie,Hermes,Tybie.Hermes@yopmail.com,Tybie.Hermes@gmail.com,doctor
255,Lacie,Macey,Lacie.Macey@yopmail.com,Lacie.Macey@gmail.com,police officer
256,Diena,Smitt,Diena.Smitt@yopmail.com,Diena.Smitt@gmail.com,doctor
257,Betta,Goode,Betta.Goode@yopmail.com,Betta.Goode@gmail.com,worker
258,Cathie,Teryn,Cathie.Teryn@yopmail.com,Cathie.Teryn@gmail.com,worker
259,Renae,Winthorpe,Renae.Winthorpe@yopmail.com,Renae.Winthorpe@gmail.com,firefighter
260,Zaria,Alejoa,Zaria.Alejoa@yopmail.com,Zaria.Alejoa@gmail.com,firefighter
261,Christal,Malina,Christal.Malina@yopmail.com,Christal.Malina@gmail.com,worker
262,Emilia,Zeeba,Emilia.Zeeba@yopmail.com,Emilia.Zeeba@gmail.com,firefighter
263,Alex,Bartlett,Alex.Bartlett@yopmail.com,Alex.Bartlett@gmail.com,developer
264,Valeda,Yam,Valeda.Yam@yopmail.com,Valeda.Yam@gmail.com,police officer
265,Aeriela,Belldas,Aeriela.Belldas@yopmail.com,Aeriela.Belldas@gmail.com,developer
266,Tomasina,Modie,Tomasina.Modie@yopmail.com,Tomasina.Modie@gmail.com,worker
267,Roz,Dudley,Roz.Dudley@yopmail.com,Roz.Dudley@gmail.com,firefighter
268,Sandie,Hoban,Sandie.Hoban@yopmail.com,Sandie.Hoban@gmail.com,worker
269,Sara-Ann,Waite,Sara-Ann.Waite@yopmail.com,Sara-Ann.Waite@gmail.com,police officer
270,Elbertina,Ardeha,Elbertina.Ardeha@yopmail.com,Elbertina.Ardeha@gmail.com,doctor
271,Carmela,Hanleigh,Carmela.Hanleigh@yopmail.com,Carmela.Hanleigh@gmail.com,worker
272,Selma,Morrill,Selma.Morrill@yopmail.com,Selma.Morrill@gmail.com,police officer
273,Adelle,Anton,Adelle.Anton@yopmail.com,Adelle.Anton@gmail.com,police officer
274,Giustina,Phyllis,Giustina.Phyllis@yopmail.com,Giustina.Phyllis@gmail.com,police officer
275,Perry,Krystle,Perry.Krystle@yopmail.com,Perry.Krystle@gmail.com,police officer
276,Elmira,Henebry,Elmira.Henebry@yopmail.com,Elmira.Henebry@gmail.com,doctor
277,Natka,Demitria,Natka.Demitria@yopmail.com,Natka.Demitria@gmail.com,doctor
278,Clementine,Madaih,Clementine.Madaih@yopmail.com,Clementine.Madaih@gmail.com,police officer
279,Lorie,Chem,Lorie.Chem@yopmail.com,Lorie.Chem@gmail.com,developer
280,Brooks,Francyne,Brooks.Francyne@yopmail.com,Brooks.Francyne@gmail.com,police officer
281,Janeczka,Schroth,Janeczka.Schroth@yopmail.com,Janeczka.Schroth@gmail.com,police officer
282,Deane,Goerke,Deane.Goerke@yopmail.com,Deane.Goerke@gmail.com,police officer
283,Isa,Bandeen,Isa.Bandeen@yopmail.com,Isa.Bandeen@gmail.com,developer
284,Cristabel,Cottle,Cristabel.Cottle@yopmail.com,Cristabel.Cottle@gmail.com,developer
285,Kimberley,Cadmar,Kimberley.Cadmar@yopmail.com,Kimberley.Cadmar@gmail.com,doctor
286,Leanna,Alrich,Leanna.Alrich@yopmail.com,Leanna.Alrich@gmail.com,doctor
287,Tomasina,Azeria,Tomasina.Azeria@yopmail.com,Tomasina.Azeria@gmail.com,police officer
288,Sheree,Raychel,Sheree.Raychel@yopmail.com,Sheree.Raychel@gmail.com,developer
289,Alia,Pacorro,Alia.Pacorro@yopmail.com,Alia.Pacorro@gmail.com,firefighter
290,Minne,Fadiman,Minne.Fadiman@yopmail.com,Minne.Fadiman@gmail.com,developer
291,Zsa Zsa,Terrence,Zsa Zsa.Terrence@yopmail.com,Zsa Zsa.Terrence@gmail.com,police officer
292,Drucie,Faro,Drucie.Faro@yopmail.com,Drucie.Faro@gmail.com,doctor
293,Roxane,Breed,Roxane.Breed@yopmail.com,Roxane.Breed@gmail.com,worker
294,Emma,Adamsen,Emma.Adamsen@yopmail.com,Emma.Adamsen@gmail.com,police officer
295,Shannah,Erskine,Shannah.Erskine@yopmail.com,Shannah.Erskine@gmail.com,firefighter
296,Shell,Borrell,Shell.Borrell@yopmail.com,Shell.Borrell@gmail.com,police officer
297,Ericka,Sacken,Ericka.Sacken@yopmail.com,Ericka.Sacken@gmail.com,developer
298,Beatriz,Harl,Beatriz.Harl@yopmail.com,Beatriz.Harl@gmail.com,doctor
299,Ashlee,Ade,Ashlee.Ade@yopmail.com,Ashlee.Ade@gmail.com,developer
300,Corina,Guildroy,Corina.Guildroy@yopmail.com,Corina.Guildroy@gmail.com,doctor
301,Bernie,Podvin,Bernie.Podvin@yopmail.com,Bernie.Podvin@gmail.com,police officer
302,Sidoney,Couture,Sidoney.Couture@yopmail.com,Sidoney.Couture@gmail.com,police officer
303,Emylee,Faria,Emylee.Faria@yopmail.com,Emylee.Faria@gmail.com,worker
304,Jordan,Gaal,Jordan.Gaal@yopmail.com,Jordan.Gaal@gmail.com,firefighter
305,Daune,Schwejda,Daune.Schwejda@yopmail.com,Daune.Schwejda@gmail.com,police officer
306,Dianemarie,Sancho,Dianemarie.Sancho@yopmail.com,Dianemarie.Sancho@gmail.com,police officer
307,Clo,Edee,Clo.Edee@yopmail.com,Clo.Edee@gmail.com,police officer
308,Gusty,Willie,Gusty.Willie@yopmail.com,Gusty.Willie@gmail.com,worker
309,Brynna,Olympium,Brynna.Olympium@yopmail.com,Brynna.Olympium@gmail.com,worker
310,Morganica,Kesley,Morganica.Kesley@yopmail.com,Morganica.Kesley@gmail.com,firefighter
311,Doro,Harl,Doro.Harl@yopmail.com,Doro.Harl@gmail.com,worker
312,Mallory,Wu,Mallory.Wu@yopmail.com,Mallory.Wu@gmail.com,doctor
313,Nonnah,Vernier,Nonnah.Vernier@yopmail.com,Nonnah.Vernier@gmail.com,developer
314,Charissa,Paine,Charissa.Paine@yopmail.com,Charissa.Paine@gmail.com,developer
315,Desirae,Screens,Desirae.Screens@yopmail.com,Desirae.Screens@gmail.com,developer
316,Eadie,Remmer,Eadie.Remmer@yopmail.com,Eadie.Remmer@gmail.com,firefighter
317,Harrietta,Rossner,Harrietta.Rossner@yopmail.com,Harrietta.Rossner@gmail.com,doctor
318,Ezmeralda,Gillan,Ezmeralda.Gillan@yopmail.com,Ezmeralda.Gillan@gmail.com,firefighter
319,Winny,Bendick,Winny.Bendick@yopmail.com,Winny.Bendick@gmail.com,firefighter
320,Nonnah,Etom,Nonnah.Etom@yopmail.com,Nonnah.Etom@gmail.com,firefighter
321,Ursulina,Buttaro,Ursulina.Buttaro@yopmail.com,Ursulina.Buttaro@gmail.com,developer
322,Cecile,Berl,Cecile.Berl@yopmail.com,Cecile.Berl@gmail.com,developer
323,Hyacinthe,Montgomery,Hyacinthe.Montgomery@yopmail.com,Hyacinthe.Montgomery@gmail.com,doctor
324,Katleen,Tippets,Katleen.Tippets@yopmail.com,Katleen.Tippets@gmail.com,developer
325,Elsie,Shaddock,Elsie.Shaddock@yopmail.com,Elsie.Shaddock@gmail.com,firefighter
326,Zia,Tristram,Zia.Tristram@yopmail.com,Zia.Tristram@gmail.com,firefighter
327,Rani,Belldas,Rani.Belldas@yopmail.com,Rani.Belldas@gmail.com,police officer
328,Karolina,Naashom,Karolina.Naashom@yopmail.com,Karolina.Naashom@gmail.com,firefighter
329,Anallese,Bethany,Anallese.Bethany@yopmail.com,Anallese.Bethany@gmail.com,developer
330,Talya,Kolnick,Talya.Kolnick@yopmail.com,Talya.Kolnick@gmail.com,police officer
331,Millie,Winthorpe,Millie.Winthorpe@yopmail.com,Millie.Winthorpe@gmail.com,worker
332,Joleen,Tryck,Joleen.Tryck@yopmail.com,Joleen.Tryck@gmail.com,firefighter
333,Nita,Milson,Nita.Milson@yopmail.com,Nita.Milson@gmail.com,doctor
334,Candi,Hourigan,Candi.Hourigan@yopmail.com,Candi.Hourigan@gmail.com,firefighter
335,Ardeen,Autrey,Ardeen.Autrey@yopmail.com,Ardeen.Autrey@gmail.com,doctor
336,Kara-Lynn,Rosette,Kara-Lynn.Rosette@yopmail.com,Kara-Lynn.Rosette@gmail.com,developer
337,Ingrid,Eckblad,Ingrid.Eckblad@yopmail.com,Ingrid.Eckblad@gmail.com,police officer
338,Lita,Dowski,Lita.Dowski@yopmail.com,Lita.Dowski@gmail.com,worker
339,Malina,Carleen,Malina.Carleen@yopmail.com,Malina.Carleen@gmail.com,worker
340,Theodora,Afton,Theodora.Afton@yopmail.com,Theodora.Afton@gmail.com,worker
341,Angelique,Weinreb,Angelique.Weinreb@yopmail.com,Angelique.Weinreb@gmail.com,doctor
342,Kelly,Glovsky,Kelly.Glovsky@yopmail.com,Kelly.Glovsky@gmail.com,worker
343,Theodora,Romelda,Theodora.Romelda@yopmail.com,Theodora.Romelda@gmail.com,developer
344,Oona,Rebecka,Oona.Rebecka@yopmail.com,Oona.Rebecka@gmail.com,firefighter
345,Emmey,Colleen,Emmey.Colleen@yopmail.com,Emmey.Colleen@gmail.com,doctor
346,Petronia,Chinua,Petronia.Chinua@yopmail.com,Petronia.Chinua@gmail.com,worker
347,Gwyneth,Roxanna,Gwyneth.Roxanna@yopmail.com,Gwyneth.Roxanna@gmail.com,worker
348,Roz,Nahum,Roz.Nahum@yopmail.com,Roz.Nahum@gmail.com,doctor
349,Desirae,Whittaker,Desirae.Whittaker@yopmail.com,Desirae.Whittaker@gmail.com,police officer
350,Demetris,Waite,Demetris.Waite@yopmail.com,Demetris.Waite@gmail.com,police officer
351,Ariela,Lanita,Ariela.Lanita@yopmail.com,Ariela.Lanita@gmail.com,doctor
352,Cecile,Shuler,Cecile.Shuler@yopmail.com,Cecile.Shuler@gmail.com,worker
353,Gretal,Billye,Gretal.Billye@yopmail.com,Gretal.Billye@gmail.com,police officer
354,Ginnie,Vittoria,Ginnie.Vittoria@yopmail.com,Ginnie.Vittoria@gmail.com,police officer
355,Aaren,Demitria,Aaren.Demitria@yopmail.com,Aaren.Demitria@gmail.com,worker
356,Antonietta,Rona,Antonietta.Rona@yopmail.com,Antonietta.Rona@gmail.com,developer
357,Jany,Jarib,Jany.Jarib@yopmail.com,Jany.Jarib@gmail.com,firefighter
358,Christian,Armanda,Christian.Armanda@yopmail.com,Christian.Armanda@gmail.com,worker
359,Karolina,Dex,Karolina.Dex@yopmail.com,Karolina.Dex@gmail.com,worker
360,Carlie,Daniele,Carlie.Daniele@yopmail.com,Carlie.Daniele@gmail.com,police officer
361,Kirbee,Grosz,Kirbee.Grosz@yopmail.com,Kirbee.Grosz@gmail.com,police officer
362,Oona,Grosz,Oona.Grosz@yopmail.com,Oona.Grosz@gmail.com,worker
363,Daphne,Percy,Daphne.Percy@yopmail.com,Daphne.Percy@gmail.com,developer
364,Ronna,Ball,Ronna.Ball@yopmail.com,Ronna.Ball@gmail.com,police officer
365,Gloria,Leifeste,Gloria.Leifeste@yopmail.com,Gloria.Leifeste@gmail.com,developer
366,Jinny,Byrne,Jinny.Byrne@yopmail.com,Jinny.Byrne@gmail.com,developer
367,Coral,Lacombe,Coral.Lacombe@yopmail.com,Coral.Lacombe@gmail.com,worker
368,Joleen,Crudden,Joleen.Crudden@yopmail.com,Joleen.Crudden@gmail.com,developer
369,Catrina,Vittoria,Catrina.Vittoria@yopmail.com,Catrina.Vittoria@gmail.com,developer
370,Elie,Soneson,Elie.Soneson@yopmail.com,Elie.Soneson@gmail.com,worker
371,Nerta,Cloris,Nerta.Cloris@yopmail.com,Nerta.Cloris@gmail.com,firefighter
372,Annora,Khorma,Annora.Khorma@yopmail.com,Annora.Khorma@gmail.com,firefighter
373,Barbara,Niccolo,Barbara.Niccolo@yopmail.com,Barbara.Niccolo@gmail.com,firefighter
374,Trudie,Woodberry,Trudie.Woodberry@yopmail.com,Trudie.Woodberry@gmail.com,doctor
375,Jackie,Hailee,Jackie.Hailee@yopmail.com,Jackie.Hailee@gmail.com,police officer
376,Atlanta,Cullin,Atlanta.Cullin@yopmail.com,Atlanta.Cullin@gmail.com,doctor
377,Max,Buttaro,Max.Buttaro@yopmail.com,Max.Buttaro@gmail.com,police officer
378,Sue,Maurine,Sue.Maurine@yopmail.com,Sue.Maurine@gmail.com,developer
379,Gertrud,Emerson,Gertrud.Emerson@yopmail.com,Gertrud.Emerson@gmail.com,developer
380,Celestyna,Colleen,Celestyna.Colleen@yopmail.com,Celestyna.Colleen@gmail.com,police officer
381,Paola,Tybald,Paola.Tybald@yopmail.com,Paola.Tybald@gmail.com,police officer
382,Georgetta,Faro,Georgetta.Faro@yopmail.com,Georgetta.Faro@gmail.com,developer
383,Chastity,Etom,Chastity.Etom@yopmail.com,Chastity.Etom@gmail.com,firefighter
384,Marline,Westphal,Marline.Westphal@yopmail.com,Marline.Westphal@gmail.com,police officer
385,Silvana,Newell,Silvana.Newell@yopmail.com,Silvana.Newell@gmail.com,police officer
386,Layla,Tjon,Layla.Tjon@yopmail.com,Layla.Tjon@gmail.com,police officer
387,Corly,Tice,Corly.Tice@yopmail.com,Corly.Tice@gmail.com,police officer
388,Juliane,Nea,Juliane.Nea@yopmail.com,Juliane.Nea@gmail.com,developer
389,Ira,Kalinda,Ira.Kalinda@yopmail.com,Ira.Kalinda@gmail.com,doctor
390,Reeba,Mandler,Reeba.Mandler@yopmail.com,Reeba.Mandler@gmail.com,firefighter
391,Daryl,Kiyoshi,Daryl.Kiyoshi@yopmail.com,Daryl.Kiyoshi@gmail.com,developer
392,Lyssa,Melony,Lyssa.Melony@yopmail.com,Lyssa.Melony@gmail.com,worker
393,Tressa,Kussell,Tressa.Kussell@yopmail.com,Tressa.Kussell@gmail.com,police officer
394,Jasmina,Kelula,Jasmina.Kelula@yopmail.com,Jasmina.Kelula@gmail.com,developer
395,Tobe,Ajay,Tobe.Ajay@yopmail.com,Tobe.Ajay@gmail.com,police officer
396,Juliane,Glenden,Juliane.Glenden@yopmail.com,Juliane.Glenden@gmail.com,worker
397,Daune,Hewitt,Daune.Hewitt@yopmail.com,Daune.Hewitt@gmail.com,worker
398,Willetta,Henrie,Willetta.Henrie@yopmail.com,Willetta.Henrie@gmail.com,police officer
399,Anallese,Rese,Anallese.Rese@yopmail.com,Anallese.Rese@gmail.com,doctor
400,Joeann,Roarke,Joeann.Roarke@yopmail.com,Joeann.Roarke@gmail.com,police officer
401,Jsandye,My,Jsandye.My@yopmail.com,Jsandye.My@gmail.com,developer
402,Valli,Alfons,Valli.Alfons@yopmail.com,Valli.Alfons@gmail.com,developer
403,Aimil,Ricki,Aimil.Ricki@yopmail.com,Aimil.Ricki@gmail.com,developer
404,June,Corabella,June.Corabella@yopmail.com,June.Corabella@gmail.com,police officer
405,Candy,Schenck,Candy.Schenck@yopmail.com,Candy.Schenck@gmail.com,police officer
406,Bibby,Curren,Bibby.Curren@yopmail.com,Bibby.Curren@gmail.com,developer
407,Concettina,Land,Concettina.Land@yopmail.com,Concettina.Land@gmail.com,police officer
408,Gwyneth,Firmin,Gwyneth.Firmin@yopmail.com,Gwyneth.Firmin@gmail.com,police officer
409,Dyann,Trey,Dyann.Trey@yopmail.com,Dyann.Trey@gmail.com,developer
410,Rhoda,Kazimir,Rhoda.Kazimir@yopmail.com,Rhoda.Kazimir@gmail.com,firefighter
411,Lelah,Old,Lelah.Old@yopmail.com,Lelah.Old@gmail.com,doctor
412,Konstance,Kristi,Konstance.Kristi@yopmail.com,Konstance.Kristi@gmail.com,firefighter
413,Arlina,Maribeth,Arlina.Maribeth@yopmail.com,Arlina.Maribeth@gmail.com,worker
414,Ana,Mathilde,Ana.Mathilde@yopmail.com,Ana.Mathilde@gmail.com,developer
415,Lynnea,Felizio,Lynnea.Felizio@yopmail.com,Lynnea.Felizio@gmail.com,police officer
416,Basia,Ciapas,Basia.Ciapas@yopmail.com,Basia.Ciapas@gmail.com,worker
417,Nita,Jenness,Nita.Jenness@yopmail.com,Nita.Jenness@gmail.com,developer
418,Modestia,Manolo,Modestia.Manolo@yopmail.com,Modestia.Manolo@gmail.com,firefighter
419,Carree,Dyche,Carree.Dyche@yopmail.com,Carree.Dyche@gmail.com,worker
420,Korrie,Jobi,Korrie.Jobi@yopmail.com,Korrie.Jobi@gmail.com,developer
421,Kirbee,Lutero,Kirbee.Lutero@yopmail.com,Kirbee.Lutero@gmail.com,firefighter
422,Marcy,Marisa,Marcy.Marisa@yopmail.com,Marcy.Marisa@gmail.com,firefighter
423,Danika,Radu,Danika.Radu@yopmail.com,Danika.Radu@gmail.com,developer
424,Henriette,Fontana,Henriette.Fontana@yopmail.com,Henriette.Fontana@gmail.com,firefighter
425,Arlena,Elbertina,Arlena.Elbertina@yopmail.com,Arlena.Elbertina@gmail.com,worker
426,Nerta,Sigfrid,Nerta.Sigfrid@yopmail.com,Nerta.Sigfrid@gmail.com,firefighter
427,Rosaline,Land,Rosaline.Land@yopmail.com,Rosaline.Land@gmail.com,developer
428,Angela,Beebe,Angela.Beebe@yopmail.com,Angela.Beebe@gmail.com,doctor
429,Lauryn,Grayce,Lauryn.Grayce@yopmail.com,Lauryn.Grayce@gmail.com,firefighter
430,Kirbee,Carey,Kirbee.Carey@yopmail.com,Kirbee.Carey@gmail.com,firefighter
431,Minda,Seligman,Minda.Seligman@yopmail.com,Minda.Seligman@gmail.com,doctor
432,Gavrielle,Destinee,Gavrielle.Destinee@yopmail.com,Gavrielle.Destinee@gmail.com,developer
433,Antonietta,McClimans,Antonietta.McClimans@yopmail.com,Antonietta.McClimans@gmail.com,worker
434,Dede,Ailyn,Dede.Ailyn@yopmail.com,Dede.Ailyn@gmail.com,firefighter
435,Bertine,Gherardo,Bertine.Gherardo@yopmail.com,Bertine.Gherardo@gmail.com,developer
436,Laure,Sherfield,Laure.Sherfield@yopmail.com,Laure.Sherfield@gmail.com,firefighter
437,Marcy,Karylin,Marcy.Karylin@yopmail.com,Marcy.Karylin@gmail.com,firefighter
438,Jerry,Rolf,Jerry.Rolf@yopmail.com,Jerry.Rolf@gmail.com,worker
439,Deirdre,Maples,Deirdre.Maples@yopmail.com,Deirdre.Maples@gmail.com,firefighter
440,Ginnie,Egbert,Ginnie.Egbert@yopmail.com,Ginnie.Egbert@gmail.com,firefighter
441,Ekaterina,Thornburg,Ekaterina.Thornburg@yopmail.com,Ekaterina.Thornburg@gmail.com,police officer
442,Molli,Azeria,Molli.Azeria@yopmail.com,Molli.Azeria@gmail.com,developer
443,Carilyn,Waldron,Carilyn.Waldron@yopmail.com,Carilyn.Waldron@gmail.com,developer
444,Latisha,Leifeste,Latisha.Leifeste@yopmail.com,Latisha.Leifeste@gmail.com,worker
445,Jenilee,Arquit,Jenilee.Arquit@yopmail.com,Jenilee.Arquit@gmail.com,developer
446,Tamqrah,Shirberg,Tamqrah.Shirberg@yopmail.com,Tamqrah.Shirberg@gmail.com,doctor
447,Edith,Katrine,Edith.Katrine@yopmail.com,Edith.Katrine@gmail.com,firefighter
448,Brandise,Brieta,Brandise.Brieta@yopmail.com,Brandise.Brieta@gmail.com,police officer
449,Lisette,Laverne,Lisette.Laverne@yopmail.com,Lisette.Laverne@gmail.com,doctor
450,Annora,Pelagias,Annora.Pelagias@yopmail.com,Annora.Pelagias@gmail.com,doctor
451,Isa,Dannye,Isa.Dannye@yopmail.com,Isa.Dannye@gmail.com,worker
452,Meriel,Noman,Meriel.Noman@yopmail.com,Meriel.Noman@gmail.com,doctor
453,Dania,Bultman,Dania.Bultman@yopmail.com,Dania.Bultman@gmail.com,developer
454,Genevra,Ashely,Genevra.Ashely@yopmail.com,Genevra.Ashely@gmail.com,police officer
455,Glynnis,Toor,Glynnis.Toor@yopmail.com,Glynnis.Toor@gmail.com,doctor
456,Sue,Harned,Sue.Harned@yopmail.com,Sue.Harned@gmail.com,doctor
457,Dorthy,Reidar,Dorthy.Reidar@yopmail.com,Dorthy.Reidar@gmail.com,firefighter
458,Starla,Fink,Starla.Fink@yopmail.com,Starla.Fink@gmail.com,firefighter
459,Carilyn,Bobbee,Carilyn.Bobbee@yopmail.com,Carilyn.Bobbee@gmail.com,developer
460,Deloria,Dahlia,Deloria.Dahlia@yopmail.com,Deloria.Dahlia@gmail.com,firefighter
461,Amara,Rooney,Amara.Rooney@yopmail.com,Amara.Rooney@gmail.com,police officer
462,Modestia,Caitlin,Modestia.Caitlin@yopmail.com,Modestia.Caitlin@gmail.com,developer
463,Katharina,Rosemary,Katharina.Rosemary@yopmail.com,Katharina.Rosemary@gmail.com,developer
464,Bobinette,Bord,Bobinette.Bord@yopmail.com,Bobinette.Bord@gmail.com,doctor
465,Shannah,Ursulette,Shannah.Ursulette@yopmail.com,Shannah.Ursulette@gmail.com,worker
466,Elbertina,Eiser,Elbertina.Eiser@yopmail.com,Elbertina.Eiser@gmail.com,worker
467,Camile,Mozelle,Camile.Mozelle@yopmail.com,Camile.Mozelle@gmail.com,worker
468,Wendi,Masao,Wendi.Masao@yopmail.com,Wendi.Masao@gmail.com,firefighter
469,Ethel,Middleton,Ethel.Middleton@yopmail.com,Ethel.Middleton@gmail.com,firefighter
470,Dianemarie,Fancie,Dianemarie.Fancie@yopmail.com,Dianemarie.Fancie@gmail.com,doctor
471,Penelopa,Nicoline,Penelopa.Nicoline@yopmail.com,Penelopa.Nicoline@gmail.com,police officer
472,Carly,Richers,Carly.Richers@yopmail.com,Carly.Richers@gmail.com,police officer
473,Gisela,Faso,Gisela.Faso@yopmail.com,Gisela.Faso@gmail.com,doctor
474,Latisha,Orelee,Latisha.Orelee@yopmail.com,Latisha.Orelee@gmail.com,developer
475,Mara,Eugenia,Mara.Eugenia@yopmail.com,Mara.Eugenia@gmail.com,police officer
476,Berta,Fiann,Berta.Fiann@yopmail.com,Berta.Fiann@gmail.com,doctor
477,Corene,Delp,Corene.Delp@yopmail.com,Corene.Delp@gmail.com,police officer
478,Elmira,Vharat,Elmira.Vharat@yopmail.com,Elmira.Vharat@gmail.com,firefighter
479,Edee,Cimbura,Edee.Cimbura@yopmail.com,Edee.Cimbura@gmail.com,worker
480,Kaia,Malina,Kaia.Malina@yopmail.com,Kaia.Malina@gmail.com,developer
481,Gretal,Phyllis,Gretal.Phyllis@yopmail.com,Gretal.Phyllis@gmail.com,firefighter
482,Roslyn,Fillbert,Roslyn.Fillbert@yopmail.com,Roslyn.Fillbert@gmail.com,police officer
483,Carmela,Alejoa,Carmela.Alejoa@yopmail.com,Carmela.Alejoa@gmail.com,doctor
484,Annabela,Iphlgenia,Annabela.Iphlgenia@yopmail.com,Annabela.Iphlgenia@gmail.com,firefighter
485,Marylou,Lasley,Marylou.Lasley@yopmail.com,Marylou.Lasley@gmail.com,doctor
486,Addia,Bertold,Addia.Bertold@yopmail.com,Addia.Bertold@gmail.com,developer
487,Dacia,Baudin,Dacia.Baudin@yopmail.com,Dacia.Baudin@gmail.com,doctor
488,Nita,Saree,Nita.Saree@yopmail.com,Nita.Saree@gmail.com,developer
489,Caritta,Danby,Caritta.Danby@yopmail.com,Caritta.Danby@gmail.com,firefighter
490,Alleen,Lumbard,Alleen.Lumbard@yopmail.com,Alleen.Lumbard@gmail.com,developer
491,Cindelyn,LaRue,Cindelyn.LaRue@yopmail.com,Cindelyn.LaRue@gmail.com,developer
492,Fidelia,Colyer,Fidelia.Colyer@yopmail.com,Fidelia.Colyer@gmail.com,developer
493,Regina,Brandice,Regina.Brandice@yopmail.com,Regina.Brandice@gmail.com,doctor
494,Mallory,Tjon,Mallory.Tjon@yopmail.com,Mallory.Tjon@gmail.com,worker
495,Monika,Phyllis,Monika.Phyllis@yopmail.com,Monika.Phyllis@gmail.com,firefighter
496,Aimil,Nahum,Aimil.Nahum@yopmail.com,Aimil.Nahum@gmail.com,firefighter
497,Elfreda,Wind,Elfreda.Wind@yopmail.com,Elfreda.Wind@gmail.com,developer
498,Kathy,Eldrid,Kathy.Eldrid@yopmail.com,Kathy.Eldrid@gmail.com,firefighter
499,Kristan,Euridice,Kristan.Euridice@yopmail.com,Kristan.Euridice@gmail.com,doctor
500,Rori,Capello,Rori.Capello@yopmail.com,Rori.Capello@gmail.com,developer
501,Ayn,Kare,Ayn.Kare@yopmail.com,Ayn.Kare@gmail.com,doctor
502,Violet,Tjon,Violet.Tjon@yopmail.com,Violet.Tjon@gmail.com,firefighter
503,Selma,Taima,Selma.Taima@yopmail.com,Selma.Taima@gmail.com,police officer
504,Linzy,Goddard,Linzy.Goddard@yopmail.com,Linzy.Goddard@gmail.com,police officer
505,Meg,Salvidor,Meg.Salvidor@yopmail.com,Meg.Salvidor@gmail.com,worker
506,Dorothy,Delp,Dorothy.Delp@yopmail.com,Dorothy.Delp@gmail.com,doctor
507,Sadie,Florina,Sadie.Florina@yopmail.com,Sadie.Florina@gmail.com,developer
508,Hettie,Winnick,Hettie.Winnick@yopmail.com,Hettie.Winnick@gmail.com,developer
509,Jobi,Monaco,Jobi.Monaco@yopmail.com,Jobi.Monaco@gmail.com,firefighter
510,Catharine,Iiette,Catharine.Iiette@yopmail.com,Catharine.Iiette@gmail.com,developer
511,Queenie,Gert,Queenie.Gert@yopmail.com,Queenie.Gert@gmail.com,firefighter
512,Rochette,Millda,Rochette.Millda@yopmail.com,Rochette.Millda@gmail.com,firefighter
513,Melodie,Dulciana,Melodie.Dulciana@yopmail.com,Melodie.Dulciana@gmail.com,firefighter
514,Kate,Kimmie,Kate.Kimmie@yopmail.com,Kate.Kimmie@gmail.com,doctor
515,Regina,O'Carroll,Regina.O'Carroll@yopmail.com,Regina.O'Carroll@gmail.com,doctor
516,Hettie,Leopold,Hettie.Leopold@yopmail.com,Hettie.Leopold@gmail.com,doctor
517,Norine,Trace,Norine.Trace@yopmail.com,Norine.Trace@gmail.com,police officer
518,Michaelina,Jobi,Michaelina.Jobi@yopmail.com,Michaelina.Jobi@gmail.com,firefighter
519,Dennie,Mike,Dennie.Mike@yopmail.com,Dennie.Mike@gmail.com,police officer
520,Kathi,Aurelio,Kathi.Aurelio@yopmail.com,Kathi.Aurelio@gmail.com,firefighter
521,Ermengarde,Randene,Ermengarde.Randene@yopmail.com,Ermengarde.Randene@gmail.com,doctor
522,Tori,Whiffen,Tori.Whiffen@yopmail.com,Tori.Whiffen@gmail.com,developer
523,Tersina,Clarissa,Tersina.Clarissa@yopmail.com,Tersina.Clarissa@gmail.com,developer
524,Cyndie,Maxi,Cyndie.Maxi@yopmail.com,Cyndie.Maxi@gmail.com,doctor
525,Marjie,Durante,Marjie.Durante@yopmail.com,Marjie.Durante@gmail.com,firefighter
526,Vinita,Rudolph,Vinita.Rudolph@yopmail.com,Vinita.Rudolph@gmail.com,developer
527,Riannon,Billye,Riannon.Billye@yopmail.com,Riannon.Billye@gmail.com,worker
528,Quintina,Thomasina,Quintina.Thomasina@yopmail.com,Quintina.Thomasina@gmail.com,police officer
529,Melodie,McAdams,Melodie.McAdams@yopmail.com,Melodie.McAdams@gmail.com,worker
530,Kimmy,Adamsen,Kimmy.Adamsen@yopmail.com,Kimmy.Adamsen@gmail.com,doctor
531,Delilah,Georas,Delilah.Georas@yopmail.com,Delilah.Georas@gmail.com,firefighter
532,Corly,Drus,Corly.Drus@yopmail.com,Corly.Drus@gmail.com,doctor
533,Joelly,Lauraine,Joelly.Lauraine@yopmail.com,Joelly.Lauraine@gmail.com,worker
534,Lauryn,Nikaniki,Lauryn.Nikaniki@yopmail.com,Lauryn.Nikaniki@gmail.com,doctor
535,Brietta,Kazimir,Brietta.Kazimir@yopmail.com,Brietta.Kazimir@gmail.com,developer
536,Tybie,Esmaria,Tybie.Esmaria@yopmail.com,Tybie.Esmaria@gmail.com,police officer
537,Helsa,Halla,Helsa.Halla@yopmail.com,Helsa.Halla@gmail.com,firefighter
538,Daphne,Noman,Daphne.Noman@yopmail.com,Daphne.Noman@gmail.com,doctor
539,Rubie,Melleta,Rubie.Melleta@yopmail.com,Rubie.Melleta@gmail.com,police officer
540,Tilly,Jerald,Tilly.Jerald@yopmail.com,Tilly.Jerald@gmail.com,firefighter
541,Penelopa,Alisia,Penelopa.Alisia@yopmail.com,Penelopa.Alisia@gmail.com,police officer
542,Janeczka,Rubie,Janeczka.Rubie@yopmail.com,Janeczka.Rubie@gmail.com,firefighter
543,Malina,Eliathas,Malina.Eliathas@yopmail.com,Malina.Eliathas@gmail.com,doctor
544,Leanna,Pillsbury,Leanna.Pillsbury@yopmail.com,Leanna.Pillsbury@gmail.com,developer
545,Doralynne,Aprile,Doralynne.Aprile@yopmail.com,Doralynne.Aprile@gmail.com,developer
546,Sara-Ann,Weinreb,Sara-Ann.Weinreb@yopmail.com,Sara-Ann.Weinreb@gmail.com,developer
547,Mamie,Pillsbury,Mamie.Pillsbury@yopmail.com,Mamie.Pillsbury@gmail.com,firefighter
548,Rhoda,Ambrosia,Rhoda.Ambrosia@yopmail.com,Rhoda.Ambrosia@gmail.com,police officer
549,Gretal,Richers,Gretal.Richers@yopmail.com,Gretal.Richers@gmail.com,doctor
550,Kirstin,Gwenore,Kirstin.Gwenore@yopmail.com,Kirstin.Gwenore@gmail.com,doctor
551,Ileana,Sophronia,Ileana.Sophronia@yopmail.com,Ileana.Sophronia@gmail.com,worker
552,Dede,Shaddock,Dede.Shaddock@yopmail.com,Dede.Shaddock@gmail.com,firefighter
553,Silvana,Eachern,Silvana.Eachern@yopmail.com,Silvana.Eachern@gmail.com,developer
554,Odessa,Bakerman,Odessa.Bakerman@yopmail.com,Odessa.Bakerman@gmail.com,police officer
555,Mariann,Dom,Mariann.Dom@yopmail.com,Mariann.Dom@gmail.com,firefighter
556,Elsie,Susannah,Elsie.Susannah@yopmail.com,Elsie.Susannah@gmail.com,developer
557,Rhoda,Clarissa,Rhoda.Clarissa@yopmail.com,Rhoda.Clarissa@gmail.com,worker
558,Letizia,Bates,Letizia.Bates@yopmail.com,Letizia.Bates@gmail.com,police officer
559,Gerrie,Dulciana,Gerrie.Dulciana@yopmail.com,Gerrie.Dulciana@gmail.com,police officer
560,Elvira,Zeeba,Elvira.Zeeba@yopmail.com,Elvira.Zeeba@gmail.com,developer
561,Barbara,Claudine,Barbara.Claudine@yopmail.com,Barbara.Claudine@gmail.com,police officer
562,Hayley,Magnolia,Hayley.Magnolia@yopmail.com,Hayley.Magnolia@gmail.com,worker
563,Concettina,Merat,Concettina.Merat@yopmail.com,Concettina.Merat@gmail.com,doctor
564,Dianemarie,Bahr,Dianemarie.Bahr@yopmail.com,Dianemarie.Bahr@gmail.com,developer
565,Carmela,Codding,Carmela.Codding@yopmail.com,Carmela.Codding@gmail.com,developer
566,Tamqrah,Kermit,Tamqrah.Kermit@yopmail.com,Tamqrah.Kermit@gmail.com,developer
567,Berta,Hathaway,Berta.Hathaway@yopmail.com,Berta.Hathaway@gmail.com,firefighter
568,Allyce,Rillings,Allyce.Rillings@yopmail.com,Allyce.Rillings@gmail.com,doctor
569,Larine,Gert,Larine.Gert@yopmail.com,Larine.Gert@gmail.com,doctor
570,Aigneis,Kannry,Aigneis.Kannry@yopmail.com,Aigneis.Kannry@gmail.com,police officer
571,Arabel,Dosia,Arabel.Dosia@yopmail.com,Arabel.Dosia@gmail.com,worker
572,Caryl,Gower,Caryl.Gower@yopmail.com,Caryl.Gower@gmail.com,firefighter
573,Ronna,Corilla,Ronna.Corilla@yopmail.com,Ronna.Corilla@gmail.com,police officer
574,Fayre,Suk,Fayre.Suk@yopmail.com,Fayre.Suk@gmail.com,worker
575,Dacia,Jammal,Dacia.Jammal@yopmail.com,Dacia.Jammal@gmail.com,police officer
576,Tonia,Briney,Tonia.Briney@yopmail.com,Tonia.Briney@gmail.com,police officer
577,Raina,Vittoria,Raina.Vittoria@yopmail.com,Raina.Vittoria@gmail.com,doctor
578,Vivia,Pauly,Vivia.Pauly@yopmail.com,Vivia.Pauly@gmail.com,worker
579,Anallese,Stacy,Anallese.Stacy@yopmail.com,Anallese.Stacy@gmail.com,developer
580,Gwenneth,Brandice,Gwenneth.Brandice@yopmail.com,Gwenneth.Brandice@gmail.com,developer
581,Elora,Freddi,Elora.Freddi@yopmail.com,Elora.Freddi@gmail.com,developer
582,Sallie,Tyson,Sallie.Tyson@yopmail.com,Sallie.Tyson@gmail.com,police officer
583,Lorie,Jorgan,Lorie.Jorgan@yopmail.com,Lorie.Jorgan@gmail.com,worker
584,Lauryn,Jacinda,Lauryn.Jacinda@yopmail.com,Lauryn.Jacinda@gmail.com,doctor
585,Marguerite,Margret,Marguerite.Margret@yopmail.com,Marguerite.Margret@gmail.com,doctor
586,Raina,Middleton,Raina.Middleton@yopmail.com,Raina.Middleton@gmail.com,doctor
587,Melodie,Esmaria,Melodie.Esmaria@yopmail.com,Melodie.Esmaria@gmail.com,firefighter
588,Rayna,Allare,Rayna.Allare@yopmail.com,Rayna.Allare@gmail.com,police officer
589,Nita,Fosque,Nita.Fosque@yopmail.com,Nita.Fosque@gmail.com,worker
590,Caritta,Flita,Caritta.Flita@yopmail.com,Caritta.Flita@gmail.com,firefighter
591,Marguerite,Rona,Marguerite.Rona@yopmail.com,Marguerite.Rona@gmail.com,worker
592,Sashenka,Chobot,Sashenka.Chobot@yopmail.com,Sashenka.Chobot@gmail.com,worker
593,Babita,Bouchard,Babita.Bouchard@yopmail.com,Babita.Bouchard@gmail.com,worker
594,Carly,Suzetta,Carly.Suzetta@yopmail.com,Carly.Suzetta@gmail.com,police officer
595,Wendi,Valoniah,Wendi.Valoniah@yopmail.com,Wendi.Valoniah@gmail.com,developer
596,Beth,Monaco,Beth.Monaco@yopmail.com,Beth.Monaco@gmail.com,doctor
597,Emylee,O'Neill,Emylee.O'Neill@yopmail.com,Emylee.O'Neill@gmail.com,police officer
598,Flo,Colbert,Flo.Colbert@yopmail.com,Flo.Colbert@gmail.com,firefighter
599,Helena,Sothena,Helena.Sothena@yopmail.com,Helena.Sothena@gmail.com,police officer
600,Kassey,Thornburg,Kassey.Thornburg@yopmail.com,Kassey.Thornburg@gmail.com,police officer
601,Roxane,Orpah,Roxane.Orpah@yopmail.com,Roxane.Orpah@gmail.com,firefighter
602,Tracey,Cordi,Tracey.Cordi@yopmail.com,Tracey.Cordi@gmail.com,firefighter
603,Jaclyn,Publia,Jaclyn.Publia@yopmail.com,Jaclyn.Publia@gmail.com,doctor
604,Jemie,Engdahl,Jemie.Engdahl@yopmail.com,Jemie.Engdahl@gmail.com,police officer
605,Alia,Pascia,Alia.Pascia@yopmail.com,Alia.Pascia@gmail.com,worker
606,Pamella,Gert,Pamella.Gert@yopmail.com,Pamella.Gert@gmail.com,worker
607,Belva,Tremayne,Belva.Tremayne@yopmail.com,Belva.Tremayne@gmail.com,worker
608,Fernande,Pettiford,Fernande.Pettiford@yopmail.com,Fernande.Pettiford@gmail.com,firefighter
609,Sallie,Louanna,Sallie.Louanna@yopmail.com,Sallie.Louanna@gmail.com,worker
610,Elora,Vittoria,Elora.Vittoria@yopmail.com,Elora.Vittoria@gmail.com,police officer
611,Katleen,Joni,Katleen.Joni@yopmail.com,Katleen.Joni@gmail.com,doctor
612,Bee,Atcliffe,Bee.Atcliffe@yopmail.com,Bee.Atcliffe@gmail.com,firefighter
613,Cissiee,Old,Cissiee.Old@yopmail.com,Cissiee.Old@gmail.com,developer
614,Sam,Barrus,Sam.Barrus@yopmail.com,Sam.Barrus@gmail.com,police officer
615,Adelle,Hunfredo,Adelle.Hunfredo@yopmail.com,Adelle.Hunfredo@gmail.com,firefighter
616,Aurelie,Dash,Aurelie.Dash@yopmail.com,Aurelie.Dash@gmail.com,worker
617,Candy,Sothena,Candy.Sothena@yopmail.com,Candy.Sothena@gmail.com,firefighter
618,Nadine,Douglass,Nadine.Douglass@yopmail.com,Nadine.Douglass@gmail.com,firefighter
619,Dode,Swigart,Dode.Swigart@yopmail.com,Dode.Swigart@gmail.com,police officer
620,Grier,Macey,Grier.Macey@yopmail.com,Grier.Macey@gmail.com,worker
621,Cyndie,Lutero,Cyndie.Lutero@yopmail.com,Cyndie.Lutero@gmail.com,developer
622,Addia,Bonucci,Addia.Bonucci@yopmail.com,Addia.Bonucci@gmail.com,developer
623,Ericka,Mata,Ericka.Mata@yopmail.com,Ericka.Mata@gmail.com,police officer
624,Isa,Gilbertson,Isa.Gilbertson@yopmail.com,Isa.Gilbertson@gmail.com,worker
625,Jenda,Birdella,Jenda.Birdella@yopmail.com,Jenda.Birdella@gmail.com,firefighter
626,Alyda,Hebner,Alyda.Hebner@yopmail.com,Alyda.Hebner@gmail.com,developer
627,Britte,Sothena,Britte.Sothena@yopmail.com,Britte.Sothena@gmail.com,worker
628,Coral,Mendez,Coral.Mendez@yopmail.com,Coral.Mendez@gmail.com,police officer
629,Ericka,Havens,Ericka.Havens@yopmail.com,Ericka.Havens@gmail.com,firefighter
630,Jessy,Chaing,Jessy.Chaing@yopmail.com,Jessy.Chaing@gmail.com,worker
631,Magdalena,Screens,Magdalena.Screens@yopmail.com,Magdalena.Screens@gmail.com,police officer
632,Paola,Maxi,Paola.Maxi@yopmail.com,Paola.Maxi@gmail.com,police officer
633,Cacilie,Adamsen,Cacilie.Adamsen@yopmail.com,Cacilie.Adamsen@gmail.com,firefighter
634,Madeleine,Smitt,Madeleine.Smitt@yopmail.com,Madeleine.Smitt@gmail.com,worker
635,Stephanie,Sperling,Stephanie.Sperling@yopmail.com,Stephanie.Sperling@gmail.com,firefighter
636,Ayn,Ummersen,Ayn.Ummersen@yopmail.com,Ayn.Ummersen@gmail.com,doctor
637,Kara-Lynn,Karl,Kara-Lynn.Karl@yopmail.com,Kara-Lynn.Karl@gmail.com,worker
638,Ilse,Bigner,Ilse.Bigner@yopmail.com,Ilse.Bigner@gmail.com,doctor
639,Tina,Gemini,Tina.Gemini@yopmail.com,Tina.Gemini@gmail.com,doctor
640,Cristabel,Kazimir,Cristabel.Kazimir@yopmail.com,Cristabel.Kazimir@gmail.com,doctor
641,Ebonee,Nisbet,Ebonee.Nisbet@yopmail.com,Ebonee.Nisbet@gmail.com,worker
642,Christian,Chapland,Christian.Chapland@yopmail.com,Christian.Chapland@gmail.com,developer
643,Natka,Dearborn,Natka.Dearborn@yopmail.com,Natka.Dearborn@gmail.com,firefighter
644,Chandra,Chaing,Chandra.Chaing@yopmail.com,Chandra.Chaing@gmail.com,worker
645,Gabriellia,Ietta,Gabriellia.Ietta@yopmail.com,Gabriellia.Ietta@gmail.com,developer
646,Paola,Vanni,Paola.Vanni@yopmail.com,Paola.Vanni@gmail.com,doctor
647,Gwyneth,Mendez,Gwyneth.Mendez@yopmail.com,Gwyneth.Mendez@gmail.com,worker
648,Veda,Middleton,Veda.Middleton@yopmail.com,Veda.Middleton@gmail.com,police officer
649,Stevana,Breed,Stevana.Breed@yopmail.com,Stevana.Breed@gmail.com,firefighter
650,Lisette,Kat,Lisette.Kat@yopmail.com,Lisette.Kat@gmail.com,worker
651,Celisse,Thema,Celisse.Thema@yopmail.com,Celisse.Thema@gmail.com,developer
652,Annecorinne,Kussell,Annecorinne.Kussell@yopmail.com,Annecorinne.Kussell@gmail.com,doctor
653,Di,Bearnard,Di.Bearnard@yopmail.com,Di.Bearnard@gmail.com,police officer
654,Nelle,Tremayne,Nelle.Tremayne@yopmail.com,Nelle.Tremayne@gmail.com,firefighter
655,Emylee,Mott,Emylee.Mott@yopmail.com,Emylee.Mott@gmail.com,firefighter
656,Lila,Rad,Lila.Rad@yopmail.com,Lila.Rad@gmail.com,firefighter
657,Charlena,Natalia,Charlena.Natalia@yopmail.com,Charlena.Natalia@gmail.com,police officer
658,Alleen,Fulmer,Alleen.Fulmer@yopmail.com,Alleen.Fulmer@gmail.com,firefighter
659,Allis,Junie,Allis.Junie@yopmail.com,Allis.Junie@gmail.com,developer
660,Sam,Niccolo,Sam.Niccolo@yopmail.com,Sam.Niccolo@gmail.com,firefighter
661,Lucy,Chem,Lucy.Chem@yopmail.com,Lucy.Chem@gmail.com,developer
662,Dotty,Kosey,Dotty.Kosey@yopmail.com,Dotty.Kosey@gmail.com,firefighter
663,Corly,Dunkin,Corly.Dunkin@yopmail.com,Corly.Dunkin@gmail.com,firefighter
664,Claudina,Emanuel,Claudina.Emanuel@yopmail.com,Claudina.Emanuel@gmail.com,doctor
665,Georgina,Jarib,Georgina.Jarib@yopmail.com,Georgina.Jarib@gmail.com,doctor
666,Quintina,Adamsen,Quintina.Adamsen@yopmail.com,Quintina.Adamsen@gmail.com,police officer
667,Karlee,Truc,Karlee.Truc@yopmail.com,Karlee.Truc@gmail.com,worker
668,Hallie,Weide,Hallie.Weide@yopmail.com,Hallie.Weide@gmail.com,developer
669,Jacquetta,Ezar,Jacquetta.Ezar@yopmail.com,Jacquetta.Ezar@gmail.com,worker
670,Tani,Fontana,Tani.Fontana@yopmail.com,Tani.Fontana@gmail.com,firefighter
671,Blake,Saree,Blake.Saree@yopmail.com,Blake.Saree@gmail.com,police officer
672,Antonietta,Remmer,Antonietta.Remmer@yopmail.com,Antonietta.Remmer@gmail.com,developer
673,Tierney,Berl,Tierney.Berl@yopmail.com,Tierney.Berl@gmail.com,worker
674,Gusty,Loeb,Gusty.Loeb@yopmail.com,Gusty.Loeb@gmail.com,worker
675,Moyna,Campball,Moyna.Campball@yopmail.com,Moyna.Campball@gmail.com,doctor
676,Elfreda,Cohdwell,Elfreda.Cohdwell@yopmail.com,Elfreda.Cohdwell@gmail.com,doctor
677,Kirbee,Izaak,Kirbee.Izaak@yopmail.com,Kirbee.Izaak@gmail.com,worker
678,Phylis,Rosalba,Phylis.Rosalba@yopmail.com,Phylis.Rosalba@gmail.com,firefighter
679,Tami,Janith,Tami.Janith@yopmail.com,Tami.Janith@gmail.com,doctor
680,Shaine,Peg,Shaine.Peg@yopmail.com,Shaine.Peg@gmail.com,police officer
681,Riannon,Malina,Riannon.Malina@yopmail.com,Riannon.Malina@gmail.com,developer
682,Hannis,Smitt,Hannis.Smitt@yopmail.com,Hannis.Smitt@gmail.com,police officer
683,Jerry,Dituri,Jerry.Dituri@yopmail.com,Jerry.Dituri@gmail.com,police officer
684,Gabriellia,Dearborn,Gabriellia.Dearborn@yopmail.com,Gabriellia.Dearborn@gmail.com,police officer
685,Peri,Cohdwell,Peri.Cohdwell@yopmail.com,Peri.Cohdwell@gmail.com,developer
686,Orelia,Tremayne,Orelia.Tremayne@yopmail.com,Orelia.Tremayne@gmail.com,firefighter
687,Nelle,Fontana,Nelle.Fontana@yopmail.com,Nelle.Fontana@gmail.com,firefighter
688,Aeriela,Trace,Aeriela.Trace@yopmail.com,Aeriela.Trace@gmail.com,police officer
689,Desirae,Gamaliel,Desirae.Gamaliel@yopmail.com,Desirae.Gamaliel@gmail.com,police officer
690,Tybie,Peti,Tybie.Peti@yopmail.com,Tybie.Peti@gmail.com,doctor
691,Hildegaard,Brackely,Hildegaard.Brackely@yopmail.com,Hildegaard.Brackely@gmail.com,doctor
692,Roseline,Chapland,Roseline.Chapland@yopmail.com,Roseline.Chapland@gmail.com,developer
693,Rivalee,Cherianne,Rivalee.Cherianne@yopmail.com,Rivalee.Cherianne@gmail.com,police officer
694,Alejandra,Cressida,Alejandra.Cressida@yopmail.com,Alejandra.Cressida@gmail.com,police officer
695,Kimberley,Caitlin,Kimberley.Caitlin@yopmail.com,Kimberley.Caitlin@gmail.com,police officer
696,Kristina,Zenas,Kristina.Zenas@yopmail.com,Kristina.Zenas@gmail.com,firefighter
697,Lulita,Sandye,Lulita.Sandye@yopmail.com,Lulita.Sandye@gmail.com,firefighter
698,Brynna,Curren,Brynna.Curren@yopmail.com,Brynna.Curren@gmail.com,firefighter
699,Ariela,Alva,Ariela.Alva@yopmail.com,Ariela.Alva@gmail.com,worker
700,Tami,Johnsson,Tami.Johnsson@yopmail.com,Tami.Johnsson@gmail.com,firefighter
701,Thalia,Tremayne,Thalia.Tremayne@yopmail.com,Thalia.Tremayne@gmail.com,worker
702,Sheelagh,Mendez,Sheelagh.Mendez@yopmail.com,Sheelagh.Mendez@gmail.com,developer
703,Cyb,Anis,Cyb.Anis@yopmail.com,Cyb.Anis@gmail.com,firefighter
704,Hildegaard,Eiser,Hildegaard.Eiser@yopmail.com,Hildegaard.Eiser@gmail.com,worker
705,Fanchon,Kauppi,Fanchon.Kauppi@yopmail.com,Fanchon.Kauppi@gmail.com,developer
706,Elena,Goth,Elena.Goth@yopmail.com,Elena.Goth@gmail.com,police officer
707,Clary,Frodi,Clary.Frodi@yopmail.com,Clary.Frodi@gmail.com,police officer
708,Maurene,Winnick,Maurene.Winnick@yopmail.com,Maurene.Winnick@gmail.com,firefighter
709,Bertine,Marijo,Bertine.Marijo@yopmail.com,Bertine.Marijo@gmail.com,doctor
710,Kylynn,Jammal,Kylynn.Jammal@yopmail.com,Kylynn.Jammal@gmail.com,doctor
711,Alisha,Aloise,Alisha.Aloise@yopmail.com,Alisha.Aloise@gmail.com,firefighter
712,Melanie,Gilbertson,Melanie.Gilbertson@yopmail.com,Melanie.Gilbertson@gmail.com,developer
713,Aurore,Randene,Aurore.Randene@yopmail.com,Aurore.Randene@gmail.com,firefighter
714,Petronia,Brotherson,Petronia.Brotherson@yopmail.com,Petronia.Brotherson@gmail.com,police officer
715,Annaliese,Brieta,Annaliese.Brieta@yopmail.com,Annaliese.Brieta@gmail.com,firefighter
716,Katharina,Casimir,Katharina.Casimir@yopmail.com,Katharina.Casimir@gmail.com,firefighter
717,Jessy,Blake,Jessy.Blake@yopmail.com,Jessy.Blake@gmail.com,worker
718,Rebeca,Corrine,Rebeca.Corrine@yopmail.com,Rebeca.Corrine@gmail.com,doctor
719,Briney,Toni,Briney.Toni@yopmail.com,Briney.Toni@gmail.com,developer
720,Kathi,Chem,Kathi.Chem@yopmail.com,Kathi.Chem@gmail.com,worker
721,Ricky,Greenwald,Ricky.Greenwald@yopmail.com,Ricky.Greenwald@gmail.com,worker
722,Brietta,Bandeen,Brietta.Bandeen@yopmail.com,Brietta.Bandeen@gmail.com,police officer
723,Peri,Oriana,Peri.Oriana@yopmail.com,Peri.Oriana@gmail.com,police officer
724,Jessamyn,Carlson,Jessamyn.Carlson@yopmail.com,Jessamyn.Carlson@gmail.com,police officer
725,Roslyn,Alice,Roslyn.Alice@yopmail.com,Roslyn.Alice@gmail.com,worker
726,Dawn,Demitria,Dawn.Demitria@yopmail.com,Dawn.Demitria@gmail.com,developer
727,Leontine,Auberbach,Leontine.Auberbach@yopmail.com,Leontine.Auberbach@gmail.com,worker
728,Jaime,Ambrosia,Jaime.Ambrosia@yopmail.com,Jaime.Ambrosia@gmail.com,firefighter
729,Jany,Kathie,Jany.Kathie@yopmail.com,Jany.Kathie@gmail.com,police officer
730,Kalina,Dorothy,Kalina.Dorothy@yopmail.com,Kalina.Dorothy@gmail.com,worker
731,Teddie,Toni,Teddie.Toni@yopmail.com,Teddie.Toni@gmail.com,police officer
732,Joleen,Cullin,Joleen.Cullin@yopmail.com,Joleen.Cullin@gmail.com,firefighter
733,Wanda,Jillane,Wanda.Jillane@yopmail.com,Wanda.Jillane@gmail.com,doctor
734,Quintina,Elbertina,Quintina.Elbertina@yopmail.com,Quintina.Elbertina@gmail.com,doctor
735,Ericka,Schalles,Ericka.Schalles@yopmail.com,Ericka.Schalles@gmail.com,police officer
736,Annora,Carbo,Annora.Carbo@yopmail.com,Annora.Carbo@gmail.com,worker
737,Binny,Erskine,Binny.Erskine@yopmail.com,Binny.Erskine@gmail.com,worker
738,Lila,Presber,Lila.Presber@yopmail.com,Lila.Presber@gmail.com,worker
739,Angelique,Rooney,Angelique.Rooney@yopmail.com,Angelique.Rooney@gmail.com,worker
740,Marinna,Laurianne,Marinna.Laurianne@yopmail.com,Marinna.Laurianne@gmail.com,doctor
741,Donnie,Frendel,Donnie.Frendel@yopmail.com,Donnie.Frendel@gmail.com,police officer
742,Lusa,Kesley,Lusa.Kesley@yopmail.com,Lusa.Kesley@gmail.com,worker
743,Nyssa,Dorcy,Nyssa.Dorcy@yopmail.com,Nyssa.Dorcy@gmail.com,firefighter
744,Tilly,Ax,Tilly.Ax@yopmail.com,Tilly.Ax@gmail.com,worker
745,Dolli,Estella,Dolli.Estella@yopmail.com,Dolli.Estella@gmail.com,developer
746,Wilma,Blase,Wilma.Blase@yopmail.com,Wilma.Blase@gmail.com,doctor
747,Binny,Sammons,Binny.Sammons@yopmail.com,Binny.Sammons@gmail.com,doctor
748,Emmey,Bryna,Emmey.Bryna@yopmail.com,Emmey.Bryna@gmail.com,doctor
749,Babita,Waite,Babita.Waite@yopmail.com,Babita.Waite@gmail.com,developer
750,Paola,Fulmer,Paola.Fulmer@yopmail.com,Paola.Fulmer@gmail.com,doctor
751,Roslyn,Cutlerr,Roslyn.Cutlerr@yopmail.com,Roslyn.Cutlerr@gmail.com,firefighter
752,Brana,Tillford,Brana.Tillford@yopmail.com,Brana.Tillford@gmail.com,worker
753,Britte,Rugen,Britte.Rugen@yopmail.com,Britte.Rugen@gmail.com,developer
754,Loree,Zina,Loree.Zina@yopmail.com,Loree.Zina@gmail.com,firefighter
755,Nanete,Japeth,Nanete.Japeth@yopmail.com,Nanete.Japeth@gmail.com,police officer
756,Shaine,Cressida,Shaine.Cressida@yopmail.com,Shaine.Cressida@gmail.com,police officer
757,Latisha,Screens,Latisha.Screens@yopmail.com,Latisha.Screens@gmail.com,firefighter
758,Sabina,Arathorn,Sabina.Arathorn@yopmail.com,Sabina.Arathorn@gmail.com,firefighter
759,Anestassia,Frendel,Anestassia.Frendel@yopmail.com,Anestassia.Frendel@gmail.com,firefighter
760,Trixi,Candy,Trixi.Candy@yopmail.com,Trixi.Candy@gmail.com,doctor
761,Kaja,Madelene,Kaja.Madelene@yopmail.com,Kaja.Madelene@gmail.com,developer
762,Corene,Fulmer,Corene.Fulmer@yopmail.com,Corene.Fulmer@gmail.com,police officer
763,Fidelia,Daniele,Fidelia.Daniele@yopmail.com,Fidelia.Daniele@gmail.com,firefighter
764,Anica,Caitlin,Anica.Caitlin@yopmail.com,Anica.Caitlin@gmail.com,developer
765,Marguerite,Elo,Marguerite.Elo@yopmail.com,Marguerite.Elo@gmail.com,developer
766,Magdalena,Morgun,Magdalena.Morgun@yopmail.com,Magdalena.Morgun@gmail.com,developer
767,Fidelia,Pulsifer,Fidelia.Pulsifer@yopmail.com,Fidelia.Pulsifer@gmail.com,firefighter
768,Henriette,Shuler,Henriette.Shuler@yopmail.com,Henriette.Shuler@gmail.com,police officer
769,Sam,Willie,Sam.Willie@yopmail.com,Sam.Willie@gmail.com,firefighter
770,Jerry,Carri,Jerry.Carri@yopmail.com,Jerry.Carri@gmail.com,doctor
771,Gui,Gerge,Gui.Gerge@yopmail.com,Gui.Gerge@gmail.com,worker
772,Marinna,Anastatius,Marinna.Anastatius@yopmail.com,Marinna.Anastatius@gmail.com,doctor
773,Isa,Kinnard,Isa.Kinnard@yopmail.com,Isa.Kinnard@gmail.com,doctor
774,Viki,Wiener,Viki.Wiener@yopmail.com,Viki.Wiener@gmail.com,doctor
775,Sophia,Kirstin,Sophia.Kirstin@yopmail.com,Sophia.Kirstin@gmail.com,developer
776,Quintina,Joachim,Quintina.Joachim@yopmail.com,Quintina.Joachim@gmail.com,developer
777,Sophia,Carey,Sophia.Carey@yopmail.com,Sophia.Carey@gmail.com,worker
778,Brietta,Diogenes,Brietta.Diogenes@yopmail.com,Brietta.Diogenes@gmail.com,firefighter
779,Jennica,Morrill,Jennica.Morrill@yopmail.com,Jennica.Morrill@gmail.com,firefighter
780,Brietta,Aaberg,Brietta.Aaberg@yopmail.com,Brietta.Aaberg@gmail.com,worker
781,Ayn,Havens,Ayn.Havens@yopmail.com,Ayn.Havens@gmail.com,firefighter
782,Corry,Lunsford,Corry.Lunsford@yopmail.com,Corry.Lunsford@gmail.com,doctor
783,Ekaterina,Riordan,Ekaterina.Riordan@yopmail.com,Ekaterina.Riordan@gmail.com,developer
784,Cyndie,Mozelle,Cyndie.Mozelle@yopmail.com,Cyndie.Mozelle@gmail.com,doctor
785,Lilith,Solitta,Lilith.Solitta@yopmail.com,Lilith.Solitta@gmail.com,firefighter
786,Inga,Ambrosia,Inga.Ambrosia@yopmail.com,Inga.Ambrosia@gmail.com,worker
787,Babita,Zina,Babita.Zina@yopmail.com,Babita.Zina@gmail.com,police officer
788,Nonnah,Lilas,Nonnah.Lilas@yopmail.com,Nonnah.Lilas@gmail.com,police officer
789,Corene,Gordon,Corene.Gordon@yopmail.com,Corene.Gordon@gmail.com,developer
790,Lulita,Docilla,Lulita.Docilla@yopmail.com,Lulita.Docilla@gmail.com,developer
791,Beth,Janene,Beth.Janene@yopmail.com,Beth.Janene@gmail.com,worker
792,Andree,Chrystel,Andree.Chrystel@yopmail.com,Andree.Chrystel@gmail.com,firefighter
793,Phedra,Scammon,Phedra.Scammon@yopmail.com,Phedra.Scammon@gmail.com,firefighter
794,Elyssa,Oscar,Elyssa.Oscar@yopmail.com,Elyssa.Oscar@gmail.com,developer
795,Camile,Myrilla,Camile.Myrilla@yopmail.com,Camile.Myrilla@gmail.com,firefighter
796,Claresta,Stilwell,Claresta.Stilwell@yopmail.com,Claresta.Stilwell@gmail.com,firefighter
797,Nananne,Ambrosia,Nananne.Ambrosia@yopmail.com,Nananne.Ambrosia@gmail.com,doctor
798,Dode,Ajay,Dode.Ajay@yopmail.com,Dode.Ajay@gmail.com,police officer
799,Dolli,Flyn,Dolli.Flyn@yopmail.com,Dolli.Flyn@gmail.com,developer
800,Ardys,Jarib,Ardys.Jarib@yopmail.com,Ardys.Jarib@gmail.com,police officer
801,Ekaterina,Infield,Ekaterina.Infield@yopmail.com,Ekaterina.Infield@gmail.com,doctor
802,Asia,Harday,Asia.Harday@yopmail.com,Asia.Harday@gmail.com,developer
803,Giustina,Abram,Giustina.Abram@yopmail.com,Giustina.Abram@gmail.com,worker
804,Gavrielle,Yate,Gavrielle.Yate@yopmail.com,Gavrielle.Yate@gmail.com,worker
805,Merrie,Sibyls,Merrie.Sibyls@yopmail.com,Merrie.Sibyls@gmail.com,doctor
806,Joelly,Redmond,Joelly.Redmond@yopmail.com,Joelly.Redmond@gmail.com,police officer
807,Moyna,Suanne,Moyna.Suanne@yopmail.com,Moyna.Suanne@gmail.com,worker
808,Rosene,Center,Rosene.Center@yopmail.com,Rosene.Center@gmail.com,worker
809,Mariele,Tremayne,Mariele.Tremayne@yopmail.com,Mariele.Tremayne@gmail.com,doctor
810,Karly,Jerald,Karly.Jerald@yopmail.com,Karly.Jerald@gmail.com,worker
811,Eadie,Tomasina,Eadie.Tomasina@yopmail.com,Eadie.Tomasina@gmail.com,developer
812,Fanchon,Cressida,Fanchon.Cressida@yopmail.com,Fanchon.Cressida@gmail.com,doctor
813,Carilyn,Allys,Carilyn.Allys@yopmail.com,Carilyn.Allys@gmail.com,developer
814,Lanna,Helfand,Lanna.Helfand@yopmail.com,Lanna.Helfand@gmail.com,firefighter
815,Jennica,Rosemary,Jennica.Rosemary@yopmail.com,Jennica.Rosemary@gmail.com,worker
816,Adriana,Grayce,Adriana.Grayce@yopmail.com,Adriana.Grayce@gmail.com,developer
817,Alameda,Hanshaw,Alameda.Hanshaw@yopmail.com,Alameda.Hanshaw@gmail.com,doctor
818,Bettine,Virgin,Bettine.Virgin@yopmail.com,Bettine.Virgin@gmail.com,firefighter
819,Jackie,Burnside,Jackie.Burnside@yopmail.com,Jackie.Burnside@gmail.com,developer
820,Hildegaard,McGrody,Hildegaard.McGrody@yopmail.com,Hildegaard.McGrody@gmail.com,doctor
821,Valeda,Loeb,Valeda.Loeb@yopmail.com,Valeda.Loeb@gmail.com,police officer
822,Lorne,Havens,Lorne.Havens@yopmail.com,Lorne.Havens@gmail.com,police officer
823,Phylis,Macey,Phylis.Macey@yopmail.com,Phylis.Macey@gmail.com,developer
824,Allis,Wareing,Allis.Wareing@yopmail.com,Allis.Wareing@gmail.com,worker
825,Tori,Lasley,Tori.Lasley@yopmail.com,Tori.Lasley@gmail.com,police officer
826,Babita,Gaynor,Babita.Gaynor@yopmail.com,Babita.Gaynor@gmail.com,police officer
827,Brena,Hedve,Brena.Hedve@yopmail.com,Brena.Hedve@gmail.com,worker
828,Harrietta,Natica,Harrietta.Natica@yopmail.com,Harrietta.Natica@gmail.com,police officer
829,Sarette,Chick,Sarette.Chick@yopmail.com,Sarette.Chick@gmail.com,police officer
830,Desirae,Nisbet,Desirae.Nisbet@yopmail.com,Desirae.Nisbet@gmail.com,police officer
831,Ida,Morehouse,Ida.Morehouse@yopmail.com,Ida.Morehouse@gmail.com,firefighter
832,Myrtice,Paton,Myrtice.Paton@yopmail.com,Myrtice.Paton@gmail.com,police officer
833,Adele,Denis,Adele.Denis@yopmail.com,Adele.Denis@gmail.com,worker
834,Maye,Chabot,Maye.Chabot@yopmail.com,Maye.Chabot@gmail.com,doctor
835,Nicoli,Carvey,Nicoli.Carvey@yopmail.com,Nicoli.Carvey@gmail.com,worker
836,Leona,Podvin,Leona.Podvin@yopmail.com,Leona.Podvin@gmail.com,worker
837,Sheelagh,Pearse,Sheelagh.Pearse@yopmail.com,Sheelagh.Pearse@gmail.com,doctor
838,Camile,Dyche,Camile.Dyche@yopmail.com,Camile.Dyche@gmail.com,worker
839,Kirstin,Kauppi,Kirstin.Kauppi@yopmail.com,Kirstin.Kauppi@gmail.com,worker
840,Marnia,Keily,Marnia.Keily@yopmail.com,Marnia.Keily@gmail.com,worker
841,Lexine,Boehike,Lexine.Boehike@yopmail.com,Lexine.Boehike@gmail.com,doctor
842,Cecile,Ricarda,Cecile.Ricarda@yopmail.com,Cecile.Ricarda@gmail.com,worker
843,Sibella,Verger,Sibella.Verger@yopmail.com,Sibella.Verger@gmail.com,doctor
844,Verla,Goode,Verla.Goode@yopmail.com,Verla.Goode@gmail.com,worker
845,Fayre,Irmine,Fayre.Irmine@yopmail.com,Fayre.Irmine@gmail.com,doctor
846,Constance,Hollingsworth,Constance.Hollingsworth@yopmail.com,Constance.Hollingsworth@gmail.com,worker
847,Clementine,Pozzy,Clementine.Pozzy@yopmail.com,Clementine.Pozzy@gmail.com,doctor
848,Corina,Blake,Corina.Blake@yopmail.com,Corina.Blake@gmail.com,worker
849,Nyssa,Desai,Nyssa.Desai@yopmail.com,Nyssa.Desai@gmail.com,firefighter
850,Karlee,Horan,Karlee.Horan@yopmail.com,Karlee.Horan@gmail.com,police officer
851,Ginnie,Zamora,Ginnie.Zamora@yopmail.com,Ginnie.Zamora@gmail.com,worker
852,Dulce,Anselmi,Dulce.Anselmi@yopmail.com,Dulce.Anselmi@gmail.com,doctor
853,Danny,Durware,Danny.Durware@yopmail.com,Danny.Durware@gmail.com,police officer
854,Selma,Sibyls,Selma.Sibyls@yopmail.com,Selma.Sibyls@gmail.com,police officer
855,Arlena,Lipson,Arlena.Lipson@yopmail.com,Arlena.Lipson@gmail.com,developer
856,Clary,Pulsifer,Clary.Pulsifer@yopmail.com,Clary.Pulsifer@gmail.com,worker
857,Lynea,Bergman,Lynea.Bergman@yopmail.com,Lynea.Bergman@gmail.com,firefighter
858,Nannie,Crudden,Nannie.Crudden@yopmail.com,Nannie.Crudden@gmail.com,worker
859,Maurene,Virgin,Maurene.Virgin@yopmail.com,Maurene.Virgin@gmail.com,firefighter
860,Chere,Cordi,Chere.Cordi@yopmail.com,Chere.Cordi@gmail.com,developer
861,Kimmy,Tyson,Kimmy.Tyson@yopmail.com,Kimmy.Tyson@gmail.com,firefighter
862,Margalo,Center,Margalo.Center@yopmail.com,Margalo.Center@gmail.com,firefighter
863,Hannis,Nisbet,Hannis.Nisbet@yopmail.com,Hannis.Nisbet@gmail.com,doctor
864,Cristabel,Donoghue,Cristabel.Donoghue@yopmail.com,Cristabel.Donoghue@gmail.com,firefighter
865,Lanae,Konyn,Lanae.Konyn@yopmail.com,Lanae.Konyn@gmail.com,doctor
866,Hyacinthe,Lalitta,Hyacinthe.Lalitta@yopmail.com,Hyacinthe.Lalitta@gmail.com,developer
867,Lulita,Harday,Lulita.Harday@yopmail.com,Lulita.Harday@gmail.com,firefighter
868,Shannah,Lowry,Shannah.Lowry@yopmail.com,Shannah.Lowry@gmail.com,developer
869,Inga,Ethban,Inga.Ethban@yopmail.com,Inga.Ethban@gmail.com,worker
870,Glenda,Brady,Glenda.Brady@yopmail.com,Glenda.Brady@gmail.com,worker
871,Tybie,Whittaker,Tybie.Whittaker@yopmail.com,Tybie.Whittaker@gmail.com,developer
872,Tressa,Luhe,Tressa.Luhe@yopmail.com,Tressa.Luhe@gmail.com,developer
873,Genovera,Maurine,Genovera.Maurine@yopmail.com,Genovera.Maurine@gmail.com,firefighter
874,Ernesta,Shirberg,Ernesta.Shirberg@yopmail.com,Ernesta.Shirberg@gmail.com,police officer
875,Arlina,Vacuva,Arlina.Vacuva@yopmail.com,Arlina.Vacuva@gmail.com,firefighter
876,Zondra,Jotham,Zondra.Jotham@yopmail.com,Zondra.Jotham@gmail.com,worker
877,Kary,Brady,Kary.Brady@yopmail.com,Kary.Brady@gmail.com,developer
878,Danika,Delila,Danika.Delila@yopmail.com,Danika.Delila@gmail.com,doctor
879,Dorice,Jeanne,Dorice.Jeanne@yopmail.com,Dorice.Jeanne@gmail.com,worker
880,Marcy,Olin,Marcy.Olin@yopmail.com,Marcy.Olin@gmail.com,worker
881,Demetris,Gavrila,Demetris.Gavrila@yopmail.com,Demetris.Gavrila@gmail.com,doctor
882,Glenda,Fleeta,Glenda.Fleeta@yopmail.com,Glenda.Fleeta@gmail.com,police officer
883,Aaren,Daveta,Aaren.Daveta@yopmail.com,Aaren.Daveta@gmail.com,police officer
884,Angelique,Philipp,Angelique.Philipp@yopmail.com,Angelique.Philipp@gmail.com,firefighter
885,Zondra,Ader,Zondra.Ader@yopmail.com,Zondra.Ader@gmail.com,developer
886,Lita,Daveta,Lita.Daveta@yopmail.com,Lita.Daveta@gmail.com,police officer
887,Frieda,Burnside,Frieda.Burnside@yopmail.com,Frieda.Burnside@gmail.com,worker
888,Morganica,Brian,Morganica.Brian@yopmail.com,Morganica.Brian@gmail.com,worker
889,Florencia,Hermes,Florencia.Hermes@yopmail.com,Florencia.Hermes@gmail.com,worker
890,Lizzie,Letsou,Lizzie.Letsou@yopmail.com,Lizzie.Letsou@gmail.com,firefighter
891,Berta,Crudden,Berta.Crudden@yopmail.com,Berta.Crudden@gmail.com,firefighter
892,Georgina,Ailyn,Georgina.Ailyn@yopmail.com,Georgina.Ailyn@gmail.com,doctor
893,Hettie,Tomasina,Hettie.Tomasina@yopmail.com,Hettie.Tomasina@gmail.com,police officer
894,Sarette,Florina,Sarette.Florina@yopmail.com,Sarette.Florina@gmail.com,developer
895,Joeann,Hedve,Joeann.Hedve@yopmail.com,Joeann.Hedve@gmail.com,firefighter
896,Lila,Ogren,Lila.Ogren@yopmail.com,Lila.Ogren@gmail.com,worker
897,Jaime,Hessler,Jaime.Hessler@yopmail.com,Jaime.Hessler@gmail.com,police officer
898,Ayn,Glenden,Ayn.Glenden@yopmail.com,Ayn.Glenden@gmail.com,doctor
899,Aigneis,Faria,Aigneis.Faria@yopmail.com,Aigneis.Faria@gmail.com,police officer
900,Dyann,Stover,Dyann.Stover@yopmail.com,Dyann.Stover@gmail.com,doctor
901,Dulce,Hutchison,Dulce.Hutchison@yopmail.com,Dulce.Hutchison@gmail.com,developer
902,Olwen,Redmond,Olwen.Redmond@yopmail.com,Olwen.Redmond@gmail.com,firefighter
903,Belva,Hortensia,Belva.Hortensia@yopmail.com,Belva.Hortensia@gmail.com,doctor
904,Charissa,MacIntosh,Charissa.MacIntosh@yopmail.com,Charissa.MacIntosh@gmail.com,developer
905,Dominga,Ilka,Dominga.Ilka@yopmail.com,Dominga.Ilka@gmail.com,developer
906,Nicoli,Solitta,Nicoli.Solitta@yopmail.com,Nicoli.Solitta@gmail.com,firefighter
907,Tera,Brandice,Tera.Brandice@yopmail.com,Tera.Brandice@gmail.com,developer
908,Julieta,Dannye,Julieta.Dannye@yopmail.com,Julieta.Dannye@gmail.com,developer
909,Ulrike,Levey,Ulrike.Levey@yopmail.com,Ulrike.Levey@gmail.com,developer
910,Candy,Tannie,Candy.Tannie@yopmail.com,Candy.Tannie@gmail.com,firefighter
911,Melodie,Ashely,Melodie.Ashely@yopmail.com,Melodie.Ashely@gmail.com,firefighter
912,Amii,Erskine,Amii.Erskine@yopmail.com,Amii.Erskine@gmail.com,police officer
913,Catharine,Sinegold,Catharine.Sinegold@yopmail.com,Catharine.Sinegold@gmail.com,police officer
914,Fidelia,Woodberry,Fidelia.Woodberry@yopmail.com,Fidelia.Woodberry@gmail.com,worker
915,Charissa,Emmaline,Charissa.Emmaline@yopmail.com,Charissa.Emmaline@gmail.com,police officer
916,Leeanne,Gladstone,Leeanne.Gladstone@yopmail.com,Leeanne.Gladstone@gmail.com,doctor
917,Millie,Carolin,Millie.Carolin@yopmail.com,Millie.Carolin@gmail.com,worker
918,Ofilia,Blake,Ofilia.Blake@yopmail.com,Ofilia.Blake@gmail.com,police officer
919,Meghann,Pauly,Meghann.Pauly@yopmail.com,Meghann.Pauly@gmail.com,police officer
920,Korrie,Herrera,Korrie.Herrera@yopmail.com,Korrie.Herrera@gmail.com,worker
921,Queenie,Barney,Queenie.Barney@yopmail.com,Queenie.Barney@gmail.com,worker
922,Caritta,Chauncey,Caritta.Chauncey@yopmail.com,Caritta.Chauncey@gmail.com,worker
923,Ellette,Edvard,Ellette.Edvard@yopmail.com,Ellette.Edvard@gmail.com,police officer
924,Meriel,Goerke,Meriel.Goerke@yopmail.com,Meriel.Goerke@gmail.com,police officer
925,Celestyna,Jarib,Celestyna.Jarib@yopmail.com,Celestyna.Jarib@gmail.com,police officer
926,Madeleine,Boehike,Madeleine.Boehike@yopmail.com,Madeleine.Boehike@gmail.com,doctor
927,Carmencita,Levey,Carmencita.Levey@yopmail.com,Carmencita.Levey@gmail.com,doctor
928,Leeanne,Friede,Leeanne.Friede@yopmail.com,Leeanne.Friede@gmail.com,worker
929,Chere,Remmer,Chere.Remmer@yopmail.com,Chere.Remmer@gmail.com,worker
930,Ilse,Amethist,Ilse.Amethist@yopmail.com,Ilse.Amethist@gmail.com,police officer
931,Lenna,Morehouse,Lenna.Morehouse@yopmail.com,Lenna.Morehouse@gmail.com,developer
932,Rani,Pettiford,Rani.Pettiford@yopmail.com,Rani.Pettiford@gmail.com,worker
933,Fina,Crudden,Fina.Crudden@yopmail.com,Fina.Crudden@gmail.com,police officer
934,Lesly,Kamaria,Lesly.Kamaria@yopmail.com,Lesly.Kamaria@gmail.com,police officer
935,Ira,Taima,Ira.Taima@yopmail.com,Ira.Taima@gmail.com,worker
936,Lesly,Gladstone,Lesly.Gladstone@yopmail.com,Lesly.Gladstone@gmail.com,developer
937,Heida,Kinnard,Heida.Kinnard@yopmail.com,Heida.Kinnard@gmail.com,police officer
938,Chloris,Zeeba,Chloris.Zeeba@yopmail.com,Chloris.Zeeba@gmail.com,doctor
939,Anestassia,Cosenza,Anestassia.Cosenza@yopmail.com,Anestassia.Cosenza@gmail.com,worker
940,Violet,Ledah,Violet.Ledah@yopmail.com,Violet.Ledah@gmail.com,firefighter
941,Grier,Zeeba,Grier.Zeeba@yopmail.com,Grier.Zeeba@gmail.com,doctor
942,Lizzie,Stover,Lizzie.Stover@yopmail.com,Lizzie.Stover@gmail.com,police officer
943,Tomasina,Roarke,Tomasina.Roarke@yopmail.com,Tomasina.Roarke@gmail.com,worker
944,Audrie,Hourigan,Audrie.Hourigan@yopmail.com,Audrie.Hourigan@gmail.com,doctor
945,Kate,Creamer,Kate.Creamer@yopmail.com,Kate.Creamer@gmail.com,doctor
946,Norine,Dowski,Norine.Dowski@yopmail.com,Norine.Dowski@gmail.com,developer
947,Noelle,Scammon,Noelle.Scammon@yopmail.com,Noelle.Scammon@gmail.com,developer
948,Orsola,Ochs,Orsola.Ochs@yopmail.com,Orsola.Ochs@gmail.com,worker
949,Rochette,Brodench,Rochette.Brodench@yopmail.com,Rochette.Brodench@gmail.com,doctor
950,Maurene,Andrel,Maurene.Andrel@yopmail.com,Maurene.Andrel@gmail.com,worker
951,Carilyn,Melan,Carilyn.Melan@yopmail.com,Carilyn.Melan@gmail.com,worker
952,Larine,Saint,Larine.Saint@yopmail.com,Larine.Saint@gmail.com,developer
953,Berget,Hathaway,Berget.Hathaway@yopmail.com,Berget.Hathaway@gmail.com,doctor
954,Ronna,Joni,Ronna.Joni@yopmail.com,Ronna.Joni@gmail.com,police officer
955,Tobe,Regan,Tobe.Regan@yopmail.com,Tobe.Regan@gmail.com,doctor
956,Jasmina,Anton,Jasmina.Anton@yopmail.com,Jasmina.Anton@gmail.com,doctor
957,Tersina,Gavrila,Tersina.Gavrila@yopmail.com,Tersina.Gavrila@gmail.com,police officer
958,Ethel,Lubin,Ethel.Lubin@yopmail.com,Ethel.Lubin@gmail.com,police officer
959,Devina,Erminia,Devina.Erminia@yopmail.com,Devina.Erminia@gmail.com,worker
960,Larine,Kauppi,Larine.Kauppi@yopmail.com,Larine.Kauppi@gmail.com,doctor
961,Wendi,Ader,Wendi.Ader@yopmail.com,Wendi.Ader@gmail.com,doctor
962,Babita,Heidt,Babita.Heidt@yopmail.com,Babita.Heidt@gmail.com,worker
963,Natka,Konyn,Natka.Konyn@yopmail.com,Natka.Konyn@gmail.com,police officer
964,Lyssa,Edison,Lyssa.Edison@yopmail.com,Lyssa.Edison@gmail.com,developer
965,Marita,Arathorn,Marita.Arathorn@yopmail.com,Marita.Arathorn@gmail.com,developer
966,Corene,Leffen,Corene.Leffen@yopmail.com,Corene.Leffen@gmail.com,worker
967,Starla,Lanita,Starla.Lanita@yopmail.com,Starla.Lanita@gmail.com,police officer
968,Yolane,Hessler,Yolane.Hessler@yopmail.com,Yolane.Hessler@gmail.com,worker
969,Frieda,Gregrory,Frieda.Gregrory@yopmail.com,Frieda.Gregrory@gmail.com,firefighter
970,Tina,Berl,Tina.Berl@yopmail.com,Tina.Berl@gmail.com,police officer
971,Daryl,Zetta,Daryl.Zetta@yopmail.com,Daryl.Zetta@gmail.com,developer
972,Feliza,Lilybelle,Feliza.Lilybelle@yopmail.com,Feliza.Lilybelle@gmail.com,developer
973,Kial,Nelsen,Kial.Nelsen@yopmail.com,Kial.Nelsen@gmail.com,developer
974,Eve,Jobi,Eve.Jobi@yopmail.com,Eve.Jobi@gmail.com,developer
975,Nerta,Olympium,Nerta.Olympium@yopmail.com,Nerta.Olympium@gmail.com,doctor
976,Katuscha,Engdahl,Katuscha.Engdahl@yopmail.com,Katuscha.Engdahl@gmail.com,worker
977,Miquela,Chabot,Miquela.Chabot@yopmail.com,Miquela.Chabot@gmail.com,firefighter
978,Betta,Elsinore,Betta.Elsinore@yopmail.com,Betta.Elsinore@gmail.com,developer
979,Hermione,Nickola,Hermione.Nickola@yopmail.com,Hermione.Nickola@gmail.com,developer
980,Carly,Bivins,Carly.Bivins@yopmail.com,Carly.Bivins@gmail.com,doctor
981,Mignon,Philipp,Mignon.Philipp@yopmail.com,Mignon.Philipp@gmail.com,doctor
982,Gui,Hashim,Gui.Hashim@yopmail.com,Gui.Hashim@gmail.com,doctor
983,Ada,Knowling,Ada.Knowling@yopmail.com,Ada.Knowling@gmail.com,police officer
984,Gavrielle,Kolnick,Gavrielle.Kolnick@yopmail.com,Gavrielle.Kolnick@gmail.com,developer
985,Tera,Oneida,Tera.Oneida@yopmail.com,Tera.Oneida@gmail.com,police officer
986,Chere,Chick,Chere.Chick@yopmail.com,Chere.Chick@gmail.com,police officer
987,Ebonee,Fleeta,Ebonee.Fleeta@yopmail.com,Ebonee.Fleeta@gmail.com,worker
988,Roz,Mich,Roz.Mich@yopmail.com,Roz.Mich@gmail.com,worker
989,Vonny,Christal,Vonny.Christal@yopmail.com,Vonny.Christal@gmail.com,doctor
990,Ebonee,Ellord,Ebonee.Ellord@yopmail.com,Ebonee.Ellord@gmail.com,developer
991,Cherilyn,Garrison,Cherilyn.Garrison@yopmail.com,Cherilyn.Garrison@gmail.com,doctor
992,Barbi,Ariella,Barbi.Ariella@yopmail.com,Barbi.Ariella@gmail.com,doctor
993,Ebonee,Angelis,Ebonee.Angelis@yopmail.com,Ebonee.Angelis@gmail.com,worker
994,Kial,Rozanna,Kial.Rozanna@yopmail.com,Kial.Rozanna@gmail.com,police officer
995,Xylina,Berard,Xylina.Berard@yopmail.com,Xylina.Berard@gmail.com,police officer
996,Lizzie,Madelene,Lizzie.Madelene@yopmail.com,Lizzie.Madelene@gmail.com,firefighter
997,Gui,Zetta,Gui.Zetta@yopmail.com,Gui.Zetta@gmail.com,firefighter
998,Nicoli,Xerxes,Nicoli.Xerxes@yopmail.com,Nicoli.Xerxes@gmail.com,police officer
999,Corene,Anyah,Corene.Anyah@yopmail.com,Corene.Anyah@gmail.com,developer