id,firstname,lastname,email1,email2,profession,Age
0,Ira,Krystle,Ira.Krystle@yopmail.com,Ira.Krystle@gmail.com,police officer,29
1,Tami,Dermott,Tami.Dermott@yopmail.com,Tami.Dermott@gmail.com,police officer,27
2,Dotty,Leler,Dotty.Leler@yopmail.com,Dotty.Leler@gmail.com,developer,29
3,Annice,Han,Annice.Han@yopmail.com,Annice.Han@gmail.com,firefighter,32
4,Gabriellia,Brittani,Gabriellia.Brittani@yopmail.com,Gabriellia.Brittani@gmail.com,worker,24
5,Roxane,Stephie,Roxane.Stephie@yopmail.com,Roxane.Stephie@gmail.com,developer,26
6,Judy,Dearborn,Judy.Dearborn@yopmail.com,Judy.Dearborn@gmail.com,police officer,36
7,Sonni,Vacuva,Sonni.Vacuva@yopmail.com,Sonni.Vacuva@gmail.com,doctor,35
8,Ginnie,Carri,Ginnie.Carri@yopmail.com,Ginnie.Carri@gmail.com,police officer,28
9,Shauna,Amand,Shauna.Amand@yopmail.com,Shauna.Amand@gmail.com,police officer,33
10,Judy,Whittaker,Judy.Whittaker@yopmail.com,Judy.Whittaker@gmail.com,doctor,21
11,Kary,Justinn,Kary.Justinn@yopmail.com,Kary.Justinn@gmail.com,developer,35
12,Lesly,Hollingsworth,Lesly.Hollingsworth@yopmail.com,Lesly.Hollingsworth@gmail.com,doctor,24
13,Moyna,Travax,Moyna.Travax@yopmail.com,Moyna.Travax@gmail.com,police officer,40
14,Amalie,Jerold,Amalie.Jerold@yopmail.com,Amalie.Jerold@gmail.com,doctor,23
15,Edyth,Wilona,Edyth.Wilona@yopmail.com,Edyth.Wilona@gmail.com,police officer,21
16,Oona,Jammal,Oona.Jammal@yopmail.com,Oona.Jammal@gmail.com,developer,33
17,Augustine,Land,Augustine.Land@yopmail.com,Augustine.Land@gmail.com,police officer,38
18,Demetris,Vacuva,Demetris.Vacuva@yopmail.com,Demetris.Vacuva@gmail.com,doctor,27
19,Helsa,Kermit,Helsa.Kermit@yopmail.com,Helsa.Kermit@gmail.com,firefighter,37
20,Ana,Riva,Ana.Riva@yopmail.com,Ana.Riva@gmail.com,doctor,30
21,Roslyn,Center,Roslyn.Center@yopmail.com,Roslyn.Center@gmail.com,police officer,38
22,Linzy,Knowling,Linzy.Knowling@yopmail.com,Linzy.Knowling@gmail.com,police officer,34
23,Annora,Clara,Annora.Clara@yopmail.com,Annora.Clara@gmail.com,police officer,35
24,Leona,Leary,Leona.Leary@yopmail.com,Leona.Leary@gmail.com,doctor,25
25,Kial,Idelia,Kial.Idelia@yopmail.com,Kial.Idelia@gmail.com,doctor,36
26,Corina,Melan,Corina.Melan@yopmail.com,Corina.Melan@gmail.com,worker,21
27,Lacie,Zetta,Lacie.Zetta@yopmail.com,Lacie.Zetta@gmail.com,developer,32
28,Hettie,Gower,Hettie.Gower@yopmail.com,Hettie.Gower@gmail.com,doctor,36
29,Genevra,Alabaster,Genevra.Alabaster@yopmail.com,Genevra.Alabaster@gmail.com,firefighter,25
30,Kial,Isidore,Kial.Isidore@yopmail.com,Kial.Isidore@gmail.com,firefighter,20
31,Ardeen,Afton,Ardeen.Afton@yopmail.com,Ardeen.Afton@gmail.com,firefighter,39
32,Sam,Giff,Sam.Giff@yopmail.com,Sam.Giff@gmail.com,police officer,34
33,Elka,Joachim,Elka.Joachim@yopmail.com,Elka.Joachim@gmail.com,firefighter,35
34,Lindie,Willie,Lindie.Willie@yopmail.com,Lindie.Willie@gmail.com,developer,39
35,Andree,Ioab,Andree.Ioab@yopmail.com,Andree.Ioab@gmail.com,developer,26
36,Libbie,Ummersen,Libbie.Ummersen@yopmail.com,Libbie.Ummersen@gmail.com,doctor,23
37,Rebeca,An,Rebeca.An@yopmail.com,Rebeca.An@gmail.com,police officer,33
38,Roslyn,Gemini,Roslyn.Gemini@yopmail.com,Roslyn.Gemini@gmail.com,worker,30
39,Brandise,Mitzi,Brandise.Mitzi@yopmail.com,Brandise.Mitzi@gmail.com,worker,23
40,Dolli,Killigrew,Dolli.Killigrew@yopmail.com,Dolli.Killigrew@gmail.com,firefighter,40
41,Lanae,Rugen,Lanae.Rugen@yopmail.com,Lanae.Rugen@gmail.com,doctor,30
42,Neila,Charmine,Neila.Charmine@yopmail.com,Neila.Charmine@gmail.com,doctor,36
43,Tami,Hunfredo,Tami.Hunfredo@yopmail.com,Tami.Hunfredo@gmail.com,police officer,30
44,Claudina,Guthrie,Claudina.Guthrie@yopmail.com,Claudina.Guthrie@gmail.com,developer,40
45,Briney,Peti,Briney.Peti@yopmail.com,Briney.Peti@gmail.com,doctor,29
46,Charlena,Carolin,Charlena.Carolin@yopmail.com,Charlena.Carolin@gmail.com,developer,20
47,Feliza,Dash,Feliza.Dash@yopmail.com,Feliza.Dash@gmail.com,developer,24
48,Carly,Ochs,Carly.Ochs@yopmail.com,Carly.Ochs@gmail.com,police officer,40
49,Selia,Kat,Selia.Kat@yopmail.com,Selia.Kat@gmail.com,developer,38
50,Gavrielle,Natica,Gavrielle.Natica@yopmail.com,Gavrielle.Natica@gmail.com,developer,21
51,Courtnay,Lissi,Courtnay.Lissi@yopmail.com,Courtnay.Lissi@gmail.com,worker,35
52,Andree,Serilda,Andree.Serilda@yopmail.com,Andree.Serilda@gmail.com,police officer,37
53,Fina,Bibi,Fina.Bibi@yopmail.com,Fina.Bibi@gmail.com,worker,29
54,Mara,Sasnett,Mara.Sasnett@yopmail.com,Mara.Sasnett@gmail.com,doctor,30
55,Ninnetta,Jotham,Ninnetta.Jotham@yopmail.com,Ninnetta.Jotham@gmail.com,worker,37
56,Asia,Ovid,Asia.Ovid@yopmail.com,Asia.Ovid@gmail.com,doctor,25
57,Farrah,Sacken,Farrah.Sacken@yopmail.com,Farrah.Sacken@gmail.com,doctor,34
58,Bobinette,Lacombe,Bobinette.Lacombe@yopmail.com,Bobinette.Lacombe@gmail.com,police officer,34
59,Fanny,Beniamino,Fanny.Beniamino@yopmail.com,Fanny.Beniamino@gmail.com,police officer,25
60,Cordi,Shanley,Cordi.Shanley@yopmail.com,Cordi.Shanley@gmail.com,doctor,24
61,Reeba,Hazlett,Reeba.Hazlett@yopmail.com,Reeba.Hazlett@gmail.com,firefighter,23
62,Sonni,Linskey,Sonni.Linskey@yopmail.com,Sonni.Linskey@gmail.com,firefighter,31
63,Gilligan,Christal,Gilligan.Christal@yopmail.com,Gilligan.Christal@gmail.com,doctor,40
64,Ardeen,Gombach,Ardeen.Gombach@yopmail.com,Ardeen.Gombach@gmail.com,police officer,23
65,Kathi,Kenney,Kathi.Kenney@yopmail.com,Kathi.Kenney@gmail.com,police officer,24
66,Wendi,Kirstin,Wendi.Kirstin@yopmail.com,Wendi.Kirstin@gmail.com,doctor,26
67,Gisela,Evangelia,Gisela.Evangelia@yopmail.com,Gisela.Evangelia@gmail.com,police officer,31
68,Jean,Goode,Jean.Goode@yopmail.com,Jean.Goode@gmail.com,firefighter,28
69,Sonni,Astra,Sonni.Astra@yopmail.com,Sonni.Astra@gmail.com,developer,34
70,Cam,Hoban,Cam.Hoban@yopmail.com,Cam.Hoban@gmail.com,doctor,37
71,Ardenia,Roscoe,Ardenia.Roscoe@yopmail.com,Ardenia.Roscoe@gmail.com,firefighter,26
72,Odessa,Tjon,Odessa.Tjon@yopmail.com,Odessa.Tjon@gmail.com,doctor,34
73,Ruthe,Israeli,Ruthe.Israeli@yopmail.com,Ruthe.Israeli@gmail.com,firefighter,38
74,Lesly,Bluh,Lesly.Bluh@yopmail.com,Lesly.Bluh@gmail.com,worker,27
75,Ethel,Korey,Ethel.Korey@yopmail.com,Ethel.Korey@gmail.com,worker,31
76,Tani,Arquit,Tani.Arquit@yopmail.com,Tani.Arquit@gmail.com,developer,27
77,Jeanna,Minetta,Jeanna.Minetta@yopmail.com,Jeanna.Minetta@gmail.com,doctor,31
78,Aubrie,Stover,Aubrie.Stover@yopmail.com,Aubrie.Stover@gmail.com,firefighter,40
79,Marsiella,Pierette,Marsiella.Pierette@yopmail.com,Marsiella.Pierette@gmail.com,doctor,39
80,Marcy,Flita,Marcy.Flita@yopmail.com,Marcy.Flita@gmail.com,worker,29
81,Ardenia,Travax,Ardenia.Travax@yopmail.com,Ardenia.Travax@gmail.com,firefighter,33
82,Candy,Alarise,Candy.Alarise@yopmail.com,Candy.Alarise@gmail.com,developer,39
83,Roseline,Kosey,Roseline.Kosey@yopmail.com,Roseline.Kosey@gmail.com,police officer,23
84,Elyssa,Demitria,Elyssa.Demitria@yopmail.com,Elyssa.Demitria@gmail.com,doctor,39
85,Kaja,Merriott,Kaja.Merriott@yopmail.com,Kaja.Merriott@gmail.com,worker,24
86,Fina,Gaal,Fina.Gaal@yopmail.com,Fina.Gaal@gmail.com,worker,32
87,Belinda,Albertine,Belinda.Albertine@yopmail.com,Belinda.Albertine@gmail.com,firefighter,39
88,Kore,Pacorro,Kore.Pacorro@yopmail.com,Kore.Pacorro@gmail.com,police officer,24
89,Jacenta,Annabella,Jacenta.Annabella@yopmail.com,Jacenta.Annabella@gmail.com,developer,36
90,Letizia,Cassius,Letizia.Cassius@yopmail.com,Letizia.Cassius@gmail.com,developer,35
91,Joeann,Fry,Joeann.Fry@yopmail.com,Joeann.Fry@gmail.com,worker,28
92,Angelique,Jacinda,Angelique.Jacinda@yopmail.com,Angelique.Jacinda@gmail.com,worker,24
93,Sue,Weaks,Sue.Weaks@yopmail.com,Sue.Weaks@gmail.com,worker,30
94,Edyth,Gaulin,Edyth.Gaulin@yopmail.com,Edyth.Gaulin@gmail.com,developer,38
95,Anestassia,Corabella,Anestassia.Corabella@yopmail.com,Anestassia.Corabella@gmail.com,police officer,35
96,Kore,Alice,Kore.Alice@yopmail.com,Kore.Alice@gmail.com,doctor,35
97,Edith,Woodberry,Edith.Woodberry@yopmail.com,Edith.Woodberry@gmail.com,developer,37
98,Averyl,Corrine,Averyl.Corrine@yopmail.com,Averyl.Corrine@gmail.com,firefighter,27
99,Celisse,Ciapas,Celisse.Ciapas@yopmail.com,Celisse.Ciapas@gmail.com,police officer,39
100,Ariela,Lubin,Ariela.Lubin@yopmail.com,Ariela.Lubin@gmail.com,doctor,32
101,Donnie,Chandler,Donnie.Chandler@yopmail.com,Donnie.Chandler@gmail.com,police officer,40
102,Mireielle,Pernick,Mireielle.Pernick@yopmail.com,Mireielle.Pernick@gmail.com,doctor,24
103,Collen,Darrell,Collen.Darrell@yopmail.com,Collen.Darrell@gmail.com,police officer,37
104,Wanda,Carlson,Wanda.Carlson@yopmail.com,Wanda.Carlson@gmail.com,doctor,33
105,Monika,Laurianne,Monika.Laurianne@yopmail.com,Monika.Laurianne@gmail.com,firefighter,31
106,Malina,Cullin,Malina.Cullin@yopmail.com,Malina.Cullin@gmail.com,doctor,26
107,Elena,Letsou,Elena.Letsou@yopmail.com,Elena.Letsou@gmail.com,worker,36
108,Larine,Abernon,Larine.Abernon@yopmail.com,Larine.Abernon@gmail.com,doctor,26
109,Bobinette,Tound,Bobinette.Tound@yopmail.com,Bobinette.Tound@gmail.com,police officer,26
110,Margarette,Barrus,Margarette.Barrus@yopmail.com,Margarette.Barrus@gmail.com,developer,40
111,Jennica,Letsou,Jennica.Letsou@yopmail.com,Jennica.Letsou@gmail.com,police officer,31
112,Zaria,Love,Zaria.Love@yopmail.com,Zaria.Love@gmail.com,doctor,27
113,Cathyleen,Rosemary,Cathyleen.Rosemary@yopmail.com,Cathyleen.Rosemary@gmail.com,worker,38
114,Joeann,Tacye,Joeann.Tacye@yopmail.com,Joeann.Tacye@gmail.com,doctor,33
115,Shandie,Garlinda,Shandie.Garlinda@yopmail.com,Shandie.Garlinda@gmail.com,police officer,21
116,Ada,Dawkins,Ada.Dawkins@yopmail.com,Ada.Dawkins@gmail.com,police officer,38
117,Cyb,Emanuel,Cyb.Emanuel@yopmail.com,Cyb.Emanuel@gmail.com,worker,34
118,Lesly,Merna,Lesly.Merna@yopmail.com,Lesly.Merna@gmail.com,developer,34
119,Trixi,Elsinore,Trixi.Elsinore@yopmail.com,Trixi.Elsinore@gmail.com,police officer,36
120,Willetta,Kenwood,Willetta.Kenwood@yopmail.com,Willetta.Kenwood@gmail.com,developer,30
121,Raquela,Carlson,Raquela.Carlson@yopmail.com,Raquela.Carlson@gmail.com,worker,39
122,Minne,Genna,Minne.Genna@yopmail.com,Minne.Genna@gmail.com,worker,22
123,Nickie,Parette,Nickie.Parette@yopmail.com,Nickie.Parette@gmail.com,doctor,22
124,Gisela,Garek,Gisela.Garek@yopmail.com,Gisela.Garek@gmail.com,developer,35
125,Gabriellia,Trinetta,Gabriellia.Trinetta@yopmail.com,Gabriellia.Trinetta@gmail.com,firefighter,25
126,Glynnis,Halla,Glynnis.Halla@yopmail.com,Glynnis.Halla@gmail.com,firefighter,36
127,Abbie,Alva,Abbie.Alva@yopmail.com,Abbie.Alva@gmail.com,doctor,28
128,Gale,Gladstone,Gale.Gladstone@yopmail.com,Gale.Gladstone@gmail.com,police officer,26
129,Lexine,Belanger,Lexine.Belanger@yopmail.com,Lexine.Belanger@gmail.com,developer,31
130,Adriana,Noelyn,Adriana.Noelyn@yopmail.com,Adriana.Noelyn@gmail.com,firefighter,37
131,Amara,Granoff,Amara.Granoff@yopmail.com,Amara.Granoff@gmail.com,doctor,21
132,Leia,Pascia,Leia.Pascia@yopmail.com,Leia.Pascia@gmail.com,firefighter,36
133,Bill,Urias,Bill.Urias@yopmail.com,Bill.Urias@gmail.com,firefighter,37
134,Alie,Simmonds,Alie.Simmonds@yopmail.com,Alie.Simmonds@gmail.com,worker,22
135,Viviene,Leffen,Viviene.Leffen@yopmail.com,Viviene.Leffen@gmail.com,doctor,37
136,Joleen,Amethist,Joleen.Amethist@yopmail.com,Joleen.Amethist@gmail.com,worker,37
137,Aubrie,Taam,Aubrie.Taam@yopmail.com,Aubrie.Taam@gmail.com,worker,31
138,Evita,Berriman,Evita.Berriman@yopmail.com,Evita.Berriman@gmail.com,worker,26
139,Shel,Ochs,Shel.Ochs@yopmail.com,Shel.Ochs@gmail.com,worker,20
140,Arlena,Elephus,Arlena.Elephus@yopmail.com,Arlena.Elephus@gmail.com,doctor,32
141,Kate,Lumbard,Kate.Lumbard@yopmail.com,Kate.Lumbard@gmail.com,developer,30
142,Allis,Weinreb,Allis.Weinreb@yopmail.com,Allis.Weinreb@gmail.com,firefighter,32
143,Candi,Harday,Candi.Harday@yopmail.com,Candi.Harday@gmail.com,police officer,38
144,Danny,Maribeth,Danny.Maribeth@yopmail.com,Danny.Maribeth@gmail.com,firefighter,37
145,Maridel,Marden,Maridel.Marden@yopmail.com,Maridel.Marden@gmail.com,doctor,29
146,Mathilda,Armanda,Mathilda.Armanda@yopmail.com,Mathilda.Armanda@gmail.com,firefighter,40
147,Zia,Cleo,Zia.Cleo@yopmail.com,Zia.Cleo@gmail.com,firefighter,32
148,Magdalena,Revkah,Magdalena.Revkah@yopmail.com,Magdalena.Revkah@gmail.com,worker,30
149,Merci,Agle,Merci.Agle@yopmail.com,Merci.Agle@gmail.com,doctor,24
150,Halette,Tice,Halette.Tice@yopmail.com,Halette.Tice@gmail.com,developer,22
151,Wilma,Masao,Wilma.Masao@yopmail.com,Wilma.Masao@gmail.com,police officer,26
152,Clary,Toffic,Clary.Toffic@yopmail.com,Clary.Toffic@gmail.com,developer,27
153,Sandie,Darbie,Sandie.Darbie@yopmail.com,Sandie.Darbie@gmail.com,developer,32
154,Molli,Barrus,Molli.Barrus@yopmail.com,Molli.Barrus@gmail.com,worker,32
155,Gertrud,Joeann,Gertrud.Joeann@yopmail.com,Gertrud.Joeann@gmail.com,police officer,36
156,Dorene,Birdella,Dorene.Birdella@yopmail.com,Dorene.Birdella@gmail.com,doctor,20
157,Amii,Pernick,Amii.Pernick@yopmail.com,Amii.Pernick@gmail.com,police officer,29
158,Rani,Mich,Rani.Mich@yopmail.com,Rani.Mich@gmail.com,police officer,26
159,Kore,Bord,Kore.Bord@yopmail.com,Kore.Bord@gmail.com,worker,35
160,Pierette,Saint,Pierette.Saint@yopmail.com,Pierette.Saint@gmail.com,doctor,40
161,Atlanta,Raffo,Atlanta.Raffo@yopmail.com,Atlanta.Raffo@gmail.com,police officer,39
162,Therine,Garbe,Therine.Garbe@yopmail.com,Therine.Garbe@gmail.com,worker,36
163,Katuscha,Bonilla,Katuscha.Bonilla@yopmail.com,Katuscha.Bonilla@gmail.com,worker,34
164,Jordan,Dielu,Jordan.Dielu@yopmail.com,Jordan.Dielu@gmail.com,doctor,26
165,Tobe,Tillford,Tobe.Tillford@yopmail.com,Tobe.Tillford@gmail.com,developer,26
166,Albertina,Lumbard,Albertina.Lumbard@yopmail.com,Albertina.Lumbard@gmail.com,firefighter,32
167,Tani,Juan,Tani.Juan@yopmail.com,Tani.Juan@gmail.com,doctor,21
168,Demetris,Fontana,Demetris.Fontana@yopmail.com,Demetris.Fontana@gmail.com,police officer,30
169,Ellette,Keelia,Ellette.Keelia@yopmail.com,Ellette.Keelia@gmail.com,developer,33
170,Theodora,Wesle,Theodora.Wesle@yopmail.com,Theodora.Wesle@gmail.com,developer,33
171,Nerta,Malanie,Nerta.Malanie@yopmail.com,Nerta.Malanie@gmail.com,doctor,36
172,Cristine,Bennie,Cristine.Bennie@yopmail.com,Cristine.Bennie@gmail.com,police officer,25
173,Winny,Bibi,Winny.Bibi@yopmail.com,Winny.Bibi@gmail.com,doctor,36
174,Morganica,Frodi,Morganica.Frodi@yopmail.com,Morganica.Frodi@gmail.com,firefighter,33
175,Dode,Gahl,Dode.Gahl@yopmail.com,Dode.Gahl@gmail.com,doctor,32
176,Consuela,Wandie,Consuela.Wandie@yopmail.com,Consuela.Wandie@gmail.com,developer,22
177,Krystle,Carbo,Krystle.Carbo@yopmail.com,Krystle.Carbo@gmail.com,developer,40
178,Tersina,Swigart,Tersina.Swigart@yopmail.com,Tersina.Swigart@gmail.com,developer,34
179,Stevana,Yam,Stevana.Yam@yopmail.com,Stevana.Yam@gmail.com,developer,24
180,Jobi,Liebermann,Jobi.Liebermann@yopmail.com,Jobi.Liebermann@gmail.com,police officer,28
181,Harmonia,Cottle,Harmonia.Cottle@yopmail.com,Harmonia.Cottle@gmail.com,developer,28
182,Codie,Travax,Codie.Travax@yopmail.com,Codie.Travax@gmail.com,firefighter,36
183,Konstance,Lynn,Konstance.Lynn@yopmail.com,Konstance.Lynn@gmail.com,developer,32
184,Rebeca,Vernier,Rebeca.Vernier@yopmail.com,Rebeca.Vernier@gmail.com,police officer,39
185,Karolina,Juan,Karolina.Juan@yopmail.com,Karolina.Juan@gmail.com,doctor,22
186,Cecile,Ogren,Cecile.Ogren@yopmail.com,Cecile.Ogren@gmail.com,developer,22
187,Melanie,Zeeba,Melanie.Zeeba@yopmail.com,Melanie.Zeeba@gmail.com,firefighter,32
188,Dione,Faria,Dione.Faria@yopmail.com,Dione.Faria@gmail.com,firefighter,25
189,Claudina,Shirberg,Claudina.Shirberg@yopmail.com,Claudina.Shirberg@gmail.com,firefighter,35
190,Dorene,Peg,Dorene.Peg@yopmail.com,Dorene.Peg@gmail.com,doctor,35
191,Addia,Gale,Addia.Gale@yopmail.com,Addia.Gale@gmail.com,doctor,30
192,Lolita,Alejoa,Lolita.Alejoa@yopmail.com,Lolita.Alejoa@gmail.com,doctor,35
193,Veda,Natica,Veda.Natica@yopmail.com,Veda.Natica@gmail.com,police officer,39
194,Nananne,Fosque,Nananne.Fosque@yopmail.com,Nananne.Fosque@gmail.com,doctor,33
195,Tani,Shaddock,Tani.Shaddock@yopmail.com,Tani.Shaddock@gmail.com,firefighter,20
196,Anallese,Corrine,Anallese.Corrine@yopmail.com,Anallese.Corrine@gmail.com,doctor,40
197,Allis,Jacinda,Allis.Jacinda@yopmail.com,Allis.Jacinda@gmail.com,developer,27
198,Genevra,Idelia,Genevra.Idelia@yopmail.com,Genevra.Idelia@gmail.com,worker,32
199,Berget,Desai,Berget.Desai@yopmail.com,Berget.Desai@gmail.com,firefighter,34
200,Charissa,O'Neill,Charissa.O'Neill@yopmail.com,Charissa.O'Neill@gmail.com,worker,20
201,Max,Birdella,Max.Birdella@yopmail.com,Max.Birdella@gmail.com,firefighter,36
202,Kirbee,Ophelia,Kirbee.Ophelia@yopmail.com,Kirbee.Ophelia@gmail.com,worker,26
203,Kore,Alexandr,Kore.Alexandr@yopmail.com,Kore.Alexandr@gmail.com,doctor,34
204,Peri,Martguerita,Peri.Martguerita@yopmail.com,Peri.Martguerita@gmail.com,police officer,39
205,Brianna,Erskine,Brianna.Erskine@yopmail.com,Brianna.Erskine@gmail.com,police officer,35
206,Marsiella,Codding,Marsiella.Codding@yopmail.com,Marsiella.Codding@gmail.com,firefighter,31
207,Calla,Kiersten,Calla.Kiersten@yopmail.com,Calla.Kiersten@gmail.com,doctor,20
208,Deirdre,Campball,Deirdre.Campball@yopmail.com,Deirdre.Campball@gmail.com,police officer,29
209,Devina,Tyson,Devina.Tyson@yopmail.com,Devina.Tyson@gmail.com,worker,25
210,Fanchon,Sibyls,Fanchon.Sibyls@yopmail.com,Fanchon.Sibyls@gmail.com,police officer,31
211,Brana,Odell,Brana.Odell@yopmail.com,Brana.Odell@gmail.com,developer,24
212,Paola,Erskine,Paola.Erskine@yopmail.com,Paola.Erskine@gmail.com,police officer,21
213,Di,Letsou,Di.Letsou@yopmail.com,Di.Letsou@gmail.com,doctor,24
214,Christy,Zuzana,Christy.Zuzana@yopmail.com,Christy.Zuzana@gmail.com,firefighter,39
215,Lucy,Lindemann,Lucy.Lindemann@yopmail.com,Lucy.Lindemann@gmail.com,doctor,21
216,Evita,Leopold,Evita.Leopold@yopmail.com,Evita.Leopold@gmail.com,police officer,29
217,Cordi,Judye,Cordi.Judye@yopmail.com,Cordi.Judye@gmail.com,developer,36
218,Maisey,Selway,Maisey.Selway@yopmail.com,Maisey.Selway@gmail.com,police officer,23
219,Claudina,Lutero,Claudina.Lutero@yopmail.com,Claudina.Lutero@gmail.com,developer,24
220,Letizia,Lilas,Letizia.Lilas@yopmail.com,Letizia.Lilas@gmail.com,firefighter,30
221,Ernesta,Peti,Ernesta.Peti@yopmail.com,Ernesta.Peti@gmail.com,firefighter,32
222,Joceline,Kendrick,Joceline.Kendrick@yopmail.com,Joceline.Kendrick@gmail.com,police officer,33
223,Lanae,McNully,Lanae.McNully@yopmail.com,Lanae.McNully@gmail.com,worker,25
224,Asia,Luhe,Asia.Luhe@yopmail.com,Asia.Luhe@gmail.com,doctor,21
225,Harrietta,Posner,Harrietta.Posner@yopmail.com,Harrietta.Posner@gmail.com,doctor,31
226,Maud,Pulsifer,Maud.Pulsifer@yopmail.com,Maud.Pulsifer@gmail.com,firefighter,30
227,Justinn,Grayce,Justinn.Grayce@yopmail.com,Justinn.Grayce@gmail.com,doctor,21
228,Kate,Haldas,Kate.Haldas@yopmail.com,Kate.Haldas@gmail.com,developer,24
229,Lauryn,Dituri,Lauryn.Dituri@yopmail.com,Lauryn.Dituri@gmail.com,firefighter,25
230,Georgetta,Dermott,Georgetta.Dermott@yopmail.com,Georgetta.Dermott@gmail.com,firefighter,36
231,Eolanda,Ardeha,Eolanda.Ardeha@yopmail.com,Eolanda.Ardeha@gmail.com,worker,23
232,Tersina,Helfand,Tersina.Helfand@yopmail.com,Tersina.Helfand@gmail.com,police officer,34
233,Tiffie,Alarise,Tiffie.Alarise@yopmail.com,Tiffie.Alarise@gmail.com,firefighter,28
234,Sara-Ann,Reidar,Sara-Ann.Reidar@yopmail.com,Sara-Ann.Reidar@gmail.com,developer,24
235,Susette,Fadiman,Susette.Fadiman@yopmail.com,Susette.Fadiman@gmail.com,firefighter,40
236,Konstance,Noman,Konstance.Noman@yopmail.com,Konstance.Noman@gmail.com,doctor,33
237,Rozele,Sinegold,Rozele.Sinegold@yopmail.com,Rozele.Sinegold@gmail.com,police officer,29
238,Georgetta,Giff,Georgetta.Giff@yopmail.com,Georgetta.Giff@gmail.com,doctor,33
239,Alie,Hathaway,Alie.Hathaway@yopmail.com,Alie.Hathaway@gmail.com,firefighter,38
240,Neila,Randene,Neila.Randene@yopmail.com,Neila.Randene@gmail.com,worker,38
241,Kary,Infield,Kary.Infield@yopmail.com,Kary.Infield@gmail.com,doctor,26
242,Maud,Henrie,Maud.Henrie@yopmail.com,Maud.Henrie@gmail.com,firefighter,20
243,Tarra,Joseph,Tarra.Joseph@yopmail.com,Tarra.Joseph@gmail.com,developer,34
244,Shaine,Faria,Shaine.Faria@yopmail.com,Shaine.Faria@gmail.com,firefighter,21
245,Corene,Ulphia,Corene.Ulphia@yopmail.com,Corene.Ulphia@gmail.com,firefighter,20
246,Peri,Lynn,Peri.Lynn@yopmail.com,Peri.Lynn@gmail.com,worker,26
247,Delilah,Naashom,Delilah.Naashom@yopmail.com,Delilah.Naashom@gmail.com,doctor,26
248,Mahalia,Ciro,Mahalia.Ciro@yopmail.com,Mahalia.Ciro@gmail.com,doctor,37
249,Joleen,Stilwell,Joleen.Stilwell@yopmail.com,Joleen.Stilwell@gmail.com,doctor,26
250,Melisent,Garbe,Melisent.Garbe@yopmail.com,Melisent.Garbe@gmail.com,police officer,28
251,Roseline,Bohlin,Roseline.Bohlin@yopmail.com,Roseline.Bohlin@gmail.com,police officer,33
252,Lyssa,Joeann,Lyssa.Joeann@yopmail.com,Lyssa.Joeann@gmail.com,police officer,26
253,Althea,Dulciana,Althea.Dulciana@yopmail.com,Althea.Dulciana@gmail.com,developer,36
254,Rebeca,Wildermuth,Rebeca.Wildermuth@yopmail.com,Rebeca.Wildermuth@gmail.com,doctor,34
255,Florie,Bord,Florie.Bord@yopmail.com,Florie.Bord@gmail.com,doctor,33
256,Wilma,Bendick,Wilma.Bendick@yopmail.com,Wilma.Bendick@gmail.com,worker,24
257,Kayla,Charity,Kayla.Charity@yopmail.com,Kayla.Charity@gmail.com,doctor,35
258,Nita,Kaja,Nita.Kaja@yopmail.com,Nita.Kaja@gmail.com,police officer,28
259,Viki,Gibbeon,Viki.Gibbeon@yopmail.com,Viki.Gibbeon@gmail.com,developer,38
260,Daphne,Lymann,Daphne.Lymann@yopmail.com,Daphne.Lymann@gmail.com,police officer,23
261,Merle,Haerr,Merle.Haerr@yopmail.com,Merle.Haerr@gmail.com,worker,32
262,Jessamyn,Ax,Jessamyn.Ax@yopmail.com,Jessamyn.Ax@gmail.com,worker,22
263,Dyann,Brunell,Dyann.Brunell@yopmail.com,Dyann.Brunell@gmail.com,firefighter,28
264,Barbi,Jacinda,Barbi.Jacinda@yopmail.com,Barbi.Jacinda@gmail.com,doctor,20
265,Katharina,Montgomery,Katharina.Montgomery@yopmail.com,Katharina.Montgomery@gmail.com,police officer,20
266,Mildrid,Christine,Mildrid.Christine@yopmail.com,Mildrid.Christine@gmail.com,worker,32
267,Marcelline,Ferino,Marcelline.Ferino@yopmail.com,Marcelline.Ferino@gmail.com,police officer,28
268,Flory,Germann,Flory.Germann@yopmail.com,Flory.Germann@gmail.com,worker,24
269,Feliza,Kussell,Feliza.Kussell@yopmail.com,Feliza.Kussell@gmail.com,firefighter,39
270,Nadine,Soneson,Nadine.Soneson@yopmail.com,Nadine.Soneson@gmail.com,firefighter,20
271,Zsa Zsa,Marisa,Zsa Zsa.Marisa@yopmail.com,Zsa Zsa.Marisa@gmail.com,doctor,29
272,Andree,Michella,Andree.Michella@yopmail.com,Andree.Michella@gmail.com,firefighter,32
273,Andree,Barney,Andree.Barney@yopmail.com,Andree.Barney@gmail.com,doctor,21
274,Vere,Gaspard,Vere.Gaspard@yopmail.com,Vere.Gaspard@gmail.com,police officer,39
275,Mahalia,Marden,Mahalia.Marden@yopmail.com,Mahalia.Marden@gmail.com,firefighter,22
276,Raf,Wyn,Raf.Wyn@yopmail.com,Raf.Wyn@gmail.com,developer,38
277,Roslyn,Grimbly,Roslyn.Grimbly@yopmail.com,Roslyn.Grimbly@gmail.com,firefighter,32
278,Gilligan,Gunn,Gilligan.Gunn@yopmail.com,Gilligan.Gunn@gmail.com,worker,38
279,Linet,Wenoa,Linet.Wenoa@yopmail.com,Linet.Wenoa@gmail.com,worker,30
280,Gilda,Ellerey,Gilda.Ellerey@yopmail.com,Gilda.Ellerey@gmail.com,firefighter,30
281,Elvira,Peti,Elvira.Peti@yopmail.com,Elvira.Peti@gmail.com,police officer,29
282,Marcelline,Kolnick,Marcelline.Kolnick@yopmail.com,Marcelline.Kolnick@gmail.com,firefighter,28
283,Daphne,Danby,Daphne.Danby@yopmail.com,Daphne.Danby@gmail.com,police officer,22
284,Petronia,Avi,Petronia.Avi@yopmail.com,Petronia.Avi@gmail.com,developer,22
285,Henriette,Waite,Henriette.Waite@yopmail.com,Henriette.Waite@gmail.com,doctor,39
286,Corene,Longfellow,Corene.Longfellow@yopmail.com,Corene.Longfellow@gmail.com,police officer,30
287,Berget,Harl,Berget.Harl@yopmail.com,Berget.Harl@gmail.com,police officer,26
288,Coral,Monk,Coral.Monk@yopmail.com,Coral.Monk@gmail.com,doctor,40
289,Dotty,Vastah,Dotty.Vastah@yopmail.com,Dotty.Vastah@gmail.com,doctor,32
290,Livvyy,Tengdin,Livvyy.Tengdin@yopmail.com,Livvyy.Tengdin@gmail.com,developer,23
291,Therine,Sadowski,Therine.Sadowski@yopmail.com,Therine.Sadowski@gmail.com,developer,23
292,Bobbi,Glenden,Bobbi.Glenden@yopmail.com,Bobbi.Glenden@gmail.com,doctor,32
293,Roxane,Weitman,Roxane.Weitman@yopmail.com,Roxane.Weitman@gmail.com,firefighter,32
294,Arabel,Jalbert,Arabel.Jalbert@yopmail.com,Arabel.Jalbert@gmail.com,doctor,21
295,Aaren,Cohdwell,Aaren.Cohdwell@yopmail.com,Aaren.Cohdwell@gmail.com,doctor,28
296,Alyda,Lia,Alyda.Lia@yopmail.com,Alyda.Lia@gmail.com,firefighter,25
297,Shel,Bahr,Shel.Bahr@yopmail.com,Shel.Bahr@gmail.com,worker,23
298,Priscilla,Bevin,Priscilla.Bevin@yopmail.com,Priscilla.Bevin@gmail.com,doctor,31
299,Claudina,McClimans,Claudina.McClimans@yopmail.com,Claudina.McClimans@gmail.com,doctor,21
300,Blinni,Chinua,Blinni.Chinua@yopmail.com,Blinni.Chinua@gmail.com,firefighter,28
301,Eve,Corabella,Eve.Corabella@yopmail.com,Eve.Corabella@gmail.com,developer,31
302,Feliza,Stilwell,Feliza.Stilwell@yopmail.com,Feliza.Stilwell@gmail.com,police officer,21
303,Amara,Edee,Amara.Edee@yopmail.com,Amara.Edee@gmail.com,developer,28
304,Frieda,Adrienne,Frieda.Adrienne@yopmail.com,Frieda.Adrienne@gmail.com,developer,39
305,Ira,Esmaria,Ira.Esmaria@yopmail.com,Ira.Esmaria@gmail.com,worker,21
306,Donnie,Cullin,Donnie.Cullin@yopmail.com,Donnie.Cullin@gmail.com,police officer,35
307,Ashlee,Thilda,Ashlee.Thilda@yopmail.com,Ashlee.Thilda@gmail.com,worker,30
308,Averyl,Catie,Averyl.Catie@yopmail.com,Averyl.Catie@gmail.com,firefighter,24
309,Elyssa,Ietta,Elyssa.Ietta@yopmail.com,Elyssa.Ietta@gmail.com,police officer,38
310,Orsola,Aida,Orsola.Aida@yopmail.com,Orsola.Aida@gmail.com,developer,38
311,Nataline,McGrody,Nataline.McGrody@yopmail.com,Nataline.McGrody@gmail.com,police officer,28
312,Florencia,Avi,Florencia.Avi@yopmail.com,Florencia.Avi@gmail.com,firefighter,23
313,Ninnetta,Docilla,Ninnetta.Docilla@yopmail.com,Ninnetta.Docilla@gmail.com,police officer,37
314,Millie,Roxanna,Millie.Roxanna@yopmail.com,Millie.Roxanna@gmail.com,doctor,34
315,Averyl,Fadiman,Averyl.Fadiman@yopmail.com,Averyl.Fadiman@gmail.com,police officer,34
316,Pamella,Chrystel,Pamella.Chrystel@yopmail.com,Pamella.Chrystel@gmail.com,worker,21
317,Chere,Stover,Chere.Stover@yopmail.com,Chere.Stover@gmail.com,developer,33
318,Kylynn,Tristram,Kylynn.Tristram@yopmail.com,Kylynn.Tristram@gmail.com,worker,34
319,Lesly,Decato,Lesly.Decato@yopmail.com,Lesly.Decato@gmail.com,worker,32
320,Rivalee,Vins,Rivalee.Vins@yopmail.com,Rivalee.Vins@gmail.com,police officer,39
321,Gusella,Nore,Gusella.Nore@yopmail.com,Gusella.Nore@gmail.com,police officer,30
322,Quintina,Wolfgram,Quintina.Wolfgram@yopmail.com,Quintina.Wolfgram@gmail.com,worker,26
323,Evita,Suanne,Evita.Suanne@yopmail.com,Evita.Suanne@gmail.com,doctor,22
324,Dede,Bonucci,Dede.Bonucci@yopmail.com,Dede.Bonucci@gmail.com,developer,22
325,Hermione,Vary,Hermione.Vary@yopmail.com,Hermione.Vary@gmail.com,police officer,33
326,Ketti,Cloris,Ketti.Cloris@yopmail.com,Ketti.Cloris@gmail.com,developer,24
327,Natka,Jefferey,Natka.Jefferey@yopmail.com,Natka.Jefferey@gmail.com,developer,31
328,Mariann,Carvey,Mariann.Carvey@yopmail.com,Mariann.Carvey@gmail.com,developer,21
329,Anallese,Shanley,Anallese.Shanley@yopmail.com,Anallese.Shanley@gmail.com,doctor,32
330,Winifred,Lay,Winifred.Lay@yopmail.com,Winifred.Lay@gmail.com,developer,36
331,Trudie,Kirstin,Trudie.Kirstin@yopmail.com,Trudie.Kirstin@gmail.com,worker,31
332,Althea,Latini,Althea.Latini@yopmail.com,Althea.Latini@gmail.com,developer,40
333,Meg,Bandeen,Meg.Bandeen@yopmail.com,Meg.Bandeen@gmail.com,worker,30
334,Dominga,Lamoree,Dominga.Lamoree@yopmail.com,Dominga.Lamoree@gmail.com,doctor,23
335,Rubie,Cornelia,Rubie.Cornelia@yopmail.com,Rubie.Cornelia@gmail.com,doctor,39
336,Dulce,Emanuel,Dulce.Emanuel@yopmail.com,Dulce.Emanuel@gmail.com,developer,39
337,Gui,Montgomery,Gui.Montgomery@yopmail.com,Gui.Montgomery@gmail.com,firefighter,31
338,Ira,Bertold,Ira.Bertold@yopmail.com,Ira.Bertold@gmail.com,doctor,29
339,Violet,Rubie,Violet.Rubie@yopmail.com,Violet.Rubie@gmail.com,firefighter,34
340,Janeczka,Nadia,Janeczka.Nadia@yopmail.com,Janeczka.Nadia@gmail.com,firefighter,21
341,Brena,Winnick,Brena.Winnick@yopmail.com,Brena.Winnick@gmail.com,worker,20
342,Aeriela,Ochs,Aeriela.Ochs@yopmail.com,Aeriela.Ochs@gmail.com,police officer,31
343,Delilah,Ciapas,Delilah.Ciapas@yopmail.com,Delilah.Ciapas@gmail.com,doctor,37
344,Alexine,Faust,Alexine.Faust@yopmail.com,Alexine.Faust@gmail.com,firefighter,38
345,Jennica,Brackely,Jennica.Brackely@yopmail.com,Jennica.Brackely@gmail.com,police officer,22
346,Joelly,O'Rourke,Joelly.O'Rourke@yopmail.com,Joelly.O'Rourke@gmail.com,police officer,25
347,Aryn,Isidore,Aryn.Isidore@yopmail.com,Aryn.Isidore@gmail.com,worker,22
348,Kellen,Hessler,Kellen.Hessler@yopmail.com,Kellen.Hessler@gmail.com,doctor,24
349,Molli,Eachern,Molli.Eachern@yopmail.com,Molli.Eachern@gmail.com,worker,29
350,Kassey,Lutero,Kassey.Lutero@yopmail.com,Kassey.Lutero@gmail.com,police officer,32
351,Cherilyn,Behre,Cherilyn.Behre@yopmail.com,Cherilyn.Behre@gmail.com,developer,27
352,Bernie,McLaughlin,Bernie.McLaughlin@yopmail.com,Bernie.McLaughlin@gmail.com,worker,21
353,Millie,Dash,Millie.Dash@yopmail.com,Millie.Dash@gmail.com,firefighter,20
354,Caryl,Lenny,Caryl.Lenny@yopmail.com,Caryl.Lenny@gmail.com,doctor,29
355,Amelia,Rebecka,Amelia.Rebecka@yopmail.com,Amelia.Rebecka@gmail.com,doctor,40
356,Frank,Rad,Frank.Rad@yopmail.com,Frank.Rad@gmail.com,firefighter,38
357,Janeczka,Kellby,Janeczka.Kellby@yopmail.com,Janeczka.Kellby@gmail.com,doctor,29
358,Sonni,Daegal,Sonni.Daegal@yopmail.com,Sonni.Daegal@gmail.com,police officer,21
359,Aigneis,Elbertina,Aigneis.Elbertina@yopmail.com,Aigneis.Elbertina@gmail.com,police officer,29
360,Constance,Oneida,Constance.Oneida@yopmail.com,Constance.Oneida@gmail.com,developer,22
361,Nannie,Bigner,Nannie.Bigner@yopmail.com,Nannie.Bigner@gmail.com,doctor,28
362,Minda,Fosque,Minda.Fosque@yopmail.com,Minda.Fosque@gmail.com,developer,32
363,Millie,Ferrell,Millie.Ferrell@yopmail.com,Millie.Ferrell@gmail.com,police officer,31
364,Pearline,Birdella,Pearline.Birdella@yopmail.com,Pearline.Birdella@gmail.com,firefighter,39
365,Ira,Pond,Ira.Pond@yopmail.com,Ira.Pond@gmail.com,developer,31
366,Iseabal,Toffic,Iseabal.Toffic@yopmail.com,Iseabal.Toffic@gmail.com,developer,32
367,Emma,Ramona,Emma.Ramona@yopmail.com,Emma.Ramona@gmail.com,worker,31
368,Modestia,Zeeba,Modestia.Zeeba@yopmail.com,Modestia.Zeeba@gmail.com,developer,27
369,Estell,Janith,Estell.Janith@yopmail.com,Estell.Janith@gmail.com,police officer,25
370,Shandie,Damarra,Shandie.Damarra@yopmail.com,Shandie.Damarra@gmail.com,developer,24
371,Demetris,Durante,Demetris.Durante@yopmail.com,Demetris.Durante@gmail.com,doctor,28
372,Coral,Primalia,Coral.Primalia@yopmail.com,Coral.Primalia@gmail.com,doctor,40
373,Nollie,Sholley,Nollie.Sholley@yopmail.com,Nollie.Sholley@gmail.com,police officer,35
374,Addia,Urias,Addia.Urias@yopmail.com,Addia.Urias@gmail.com,worker,34
375,Madelle,Ardra,Madelle.Ardra@yopmail.com,Madelle.Ardra@gmail.com,developer,35
376,Madelle,Delila,Madelle.Delila@yopmail.com,Madelle.Delila@gmail.com,police officer,26
377,Wileen,Eno,Wileen.Eno@yopmail.com,Wileen.Eno@gmail.com,police officer,26
378,Leontine,Sekofski,Leontine.Sekofski@yopmail.com,Leontine.Sekofski@gmail.com,worker,21
379,Grier,Ophelia,Grier.Ophelia@yopmail.com,Grier.Ophelia@gmail.com,police officer,34
380,Gilda,Bollay,Gilda.Bollay@yopmail.com,Gilda.Bollay@gmail.com,developer,34
381,Bettine,Zaslow,Bettine.Zaslow@yopmail.com,Bettine.Zaslow@gmail.com,worker,26
382,Jacquetta,Suanne,Jacquetta.Suanne@yopmail.com,Jacquetta.Suanne@gmail.com,doctor,34
383,Glynnis,Toni,Glynnis.Toni@yopmail.com,Glynnis.Toni@gmail.com,doctor,37
384,Jasmina,Gregrory,Jasmina.Gregrory@yopmail.com,Jasmina.Gregrory@gmail.com,worker,29
385,Sharlene,Knowling,Sharlene.Knowling@yopmail.com,Sharlene.Knowling@gmail.com,firefighter,39
386,Oralee,Jagir,Oralee.Jagir@yopmail.com,Oralee.Jagir@gmail.com,doctor,36
387,Zsa Zsa,Harl,Zsa Zsa.Harl@yopmail.com,Zsa Zsa.Harl@gmail.com,police officer,39
388,Melisent,Pearse,Melisent.Pearse@yopmail.com,Melisent.Pearse@gmail.com,police officer,38
389,Alie,Salchunas,Alie.Salchunas@yopmail.com,Alie.Salchunas@gmail.com,police officer,31
390,Jorry,Drus,Jorry.Drus@yopmail.com,Jorry.Drus@gmail.com,firefighter,25
391,Nita,Felecia,Nita.Felecia@yopmail.com,Nita.Felecia@gmail.com,worker,30
392,Isa,Rillings,Isa.Rillings@yopmail.com,Isa.Rillings@gmail.com,police officer,25
393,Jan,Vale,Jan.Vale@yopmail.com,Jan.Vale@gmail.com,doctor,24
394,Althea,Ellord,Althea.Ellord@yopmail.com,Althea.Ellord@gmail.com,police officer,26
395,Pierette,Constancy,Pierette.Constancy@yopmail.com,Pierette.Constancy@gmail.com,worker,23
396,Ida,Iphlgenia,Ida.Iphlgenia@yopmail.com,Ida.Iphlgenia@gmail.com,firefighter,36
397,Bertine,Ajay,Bertine.Ajay@yopmail.com,Bertine.Ajay@gmail.com,doctor,33
398,Janis,Flyn,Janis.Flyn@yopmail.com,Janis.Flyn@gmail.com,developer,22
399,Charmaine,Kamaria,Charmaine.Kamaria@yopmail.com,Charmaine.Kamaria@gmail.com,developer,25
400,Renae,Dowski,Renae.Dowski@yopmail.com,Renae.Dowski@gmail.com,firefighter,40
401,Winifred,Nadia,Winifred.Nadia@yopmail.com,Winifred.Nadia@gmail.com,worker,34
402,Tani,Arathorn,Tani.Arathorn@yopmail.com,Tani.Arathorn@gmail.com,worker,25
403,Elena,Velick,Elena.Velick@yopmail.com,Elena.Velick@gmail.com,worker,22
404,Di,Kimmie,Di.Kimmie@yopmail.com,Di.Kimmie@gmail.com,doctor,25
405,Asia,Dom,Asia.Dom@yopmail.com,Asia.Dom@gmail.com,worker,25
406,Ayn,Kesley,Ayn.Kesley@yopmail.com,Ayn.Kesley@gmail.com,developer,27
407,Dawn,Land,Dawn.Land@yopmail.com,Dawn.Land@gmail.com,worker,31
408,Leeanne,Lunsford,Leeanne.Lunsford@yopmail.com,Leeanne.Lunsford@gmail.com,developer,34
409,Gilda,Kussell,Gilda.Kussell@yopmail.com,Gilda.Kussell@gmail.com,firefighter,21
410,Modestia,Nester,Modestia.Nester@yopmail.com,Modestia.Nester@gmail.com,police officer,29
411,Dyann,Yoko,Dyann.Yoko@yopmail.com,Dyann.Yoko@gmail.com,developer,30
412,Britte,Helve,Britte.Helve@yopmail.com,Britte.Helve@gmail.com,developer,33
413,Linet,Tybald,Linet.Tybald@yopmail.com,Linet.Tybald@gmail.com,police officer,33
414,Esmeralda,Roarke,Esmeralda.Roarke@yopmail.com,Esmeralda.Roarke@gmail.com,firefighter,37
415,Misha,Dearborn,Misha.Dearborn@yopmail.com,Misha.Dearborn@gmail.com,developer,32
416,Miquela,Blisse,Miquela.Blisse@yopmail.com,Miquela.Blisse@gmail.com,doctor,22
417,Gavrielle,O'Neill,Gavrielle.O'Neill@yopmail.com,Gavrielle.O'Neill@gmail.com,developer,35
418,Nicoli,Nore,Nicoli.Nore@yopmail.com,Nicoli.Nore@gmail.com,police officer,32
419,Mureil,Neils,Mureil.Neils@yopmail.com,Mureil.Neils@gmail.com,firefighter,31
420,Thalia,Crudden,Thalia.Crudden@yopmail.com,Thalia.Crudden@gmail.com,developer,36
421,Gabriellia,Kermit,Gabriellia.Kermit@yopmail.com,Gabriellia.Kermit@gmail.com,firefighter,32
422,Belinda,Alisia,Belinda.Alisia@yopmail.com,Belinda.Alisia@gmail.com,police officer,21
423,Rayna,Rese,Rayna.Rese@yopmail.com,Rayna.Rese@gmail.com,developer,40
424,Dione,Schalles,Dione.Schalles@yopmail.com,Dione.Schalles@gmail.com,worker,24
425,Janey,Jacinda,Janey.Jacinda@yopmail.com,Janey.Jacinda@gmail.com,doctor,32
426,Rebeca,Sprage,Rebeca.Sprage@yopmail.com,Rebeca.Sprage@gmail.com,developer,26
427,Gabi,Jarib,Gabi.Jarib@yopmail.com,Gabi.Jarib@gmail.com,firefighter,31
428,Shirlee,Zenas,Shirlee.Zenas@yopmail.com,Shirlee.Zenas@gmail.com,worker,35
429,Valera,Tatianas,Valera.Tatianas@yopmail.com,Valera.Tatianas@gmail.com,worker,36
430,Mary,Rhu,Mary.Rhu@yopmail.com,Mary.Rhu@gmail.com,police officer,29
431,Britni,Oriana,Britni.Oriana@yopmail.com,Britni.Oriana@gmail.com,doctor,22
432,Veda,Grimbly,Veda.Grimbly@yopmail.com,Veda.Grimbly@gmail.com,doctor,21
433,Dulcinea,Tremayne,Dulcinea.Tremayne@yopmail.com,Dulcinea.Tremayne@gmail.com,firefighter,23
434,Bee,Hachmin,Bee.Hachmin@yopmail.com,Bee.Hachmin@gmail.com,worker,25
435,Corly,Fredi,Corly.Fredi@yopmail.com,Corly.Fredi@gmail.com,police officer,30
436,Wileen,Daegal,Wileen.Daegal@yopmail.com,Wileen.Daegal@gmail.com,doctor,20
437,Bernardine,Stefa,Bernardine.Stefa@yopmail.com,Bernardine.Stefa@gmail.com,doctor,31
438,Gui,Cyrie,Gui.Cyrie@yopmail.com,Gui.Cyrie@gmail.com,developer,37
439,Modestia,Christine,Modestia.Christine@yopmail.com,Modestia.Christine@gmail.com,worker,38
440,Jaime,Jobi,Jaime.Jobi@yopmail.com,Jaime.Jobi@gmail.com,firefighter,35
441,Heddie,MacIntosh,Heddie.MacIntosh@yopmail.com,Heddie.MacIntosh@gmail.com,developer,33
442,Tomasina,Phaidra,Tomasina.Phaidra@yopmail.com,Tomasina.Phaidra@gmail.com,police officer,24
443,Sean,Mintz,Sean.Mintz@yopmail.com,Sean.Mintz@gmail.com,doctor,39
444,Amelia,Jagir,Amelia.Jagir@yopmail.com,Amelia.Jagir@gmail.com,police officer,38
445,Misha,Kenwood,Misha.Kenwood@yopmail.com,Misha.Kenwood@gmail.com,doctor,20
446,Gaylene,Christal,Gaylene.Christal@yopmail.com,Gaylene.Christal@gmail.com,developer,33
447,Bernardine,Hepsibah,Bernardine.Hepsibah@yopmail.com,Bernardine.Hepsibah@gmail.com,firefighter,23
448,Dulcinea,Lenny,Dulcinea.Lenny@yopmail.com,Dulcinea.Lenny@gmail.com,developer,28
449,Marita,Gemini,Marita.Gemini@yopmail.com,Marita.Gemini@gmail.com,police officer,35
450,Grier,Sophronia,Grier.Sophronia@yopmail.com,Grier.Sophronia@gmail.com,firefighter,35
451,Lucille,Cath,Lucille.Cath@yopmail.com,Lucille.Cath@gmail.com,doctor,20
452,Maryellen,Mehalek,Maryellen.Mehalek@yopmail.com,Maryellen.Mehalek@gmail.com,developer,31
453,Kenna,Cherianne,Kenna.Cherianne@yopmail.com,Kenna.Cherianne@gmail.com,developer,39
454,Jacquetta,Zina,Jacquetta.Zina@yopmail.com,Jacquetta.Zina@gmail.com,developer,37
455,Malina,Garrison,Malina.Garrison@yopmail.com,Malina.Garrison@gmail.com,doctor,21
456,Marsiella,Strephon,Marsiella.Strephon@yopmail.com,Marsiella.Strephon@gmail.com,doctor,29
457,Vevay,Behre,Vevay.Behre@yopmail.com,Vevay.Behre@gmail.com,police officer,37
458,Winifred,Giule,Winifred.Giule@yopmail.com,Winifred.Giule@gmail.com,firefighter,27
459,Netty,Gaynor,Netty.Gaynor@yopmail.com,Netty.Gaynor@gmail.com,worker,39
460,Bibby,Wittie,Bibby.Wittie@yopmail.com,Bibby.Wittie@gmail.com,doctor,34
461,Elsie,Martsen,Elsie.Martsen@yopmail.com,Elsie.Martsen@gmail.com,developer,26
462,Netty,Schwejda,Netty.Schwejda@yopmail.com,Netty.Schwejda@gmail.com,firefighter,36
463,Kara-Lynn,Hewitt,Kara-Lynn.Hewitt@yopmail.com,Kara-Lynn.Hewitt@gmail.com,worker,32
464,Riannon,Shelba,Riannon.Shelba@yopmail.com,Riannon.Shelba@gmail.com,police officer,35
465,Daphne,Scammon,Daphne.Scammon@yopmail.com,Daphne.Scammon@gmail.com,worker,29
466,Eugine,Posner,Eugine.Posner@yopmail.com,Eugine.Posner@gmail.com,police officer,38
467,Christal,Euridice,Christal.Euridice@yopmail.com,Christal.Euridice@gmail.com,developer,22
468,Rani,Albertine,Rani.Albertine@yopmail.com,Rani.Albertine@gmail.com,doctor,34
469,Kalina,Turne,Kalina.Turne@yopmail.com,Kalina.Turne@gmail.com,worker,30
470,Tobe,Ciro,Tobe.Ciro@yopmail.com,Tobe.Ciro@gmail.com,doctor,26
471,Genevra,Oneida,Genevra.Oneida@yopmail.com,Genevra.Oneida@gmail.com,developer,34
472,Dari,Audly,Dari.Audly@yopmail.com,Dari.Audly@gmail.com,police officer,29
473,Fanchon,Mullane,Fanchon.Mullane@yopmail.com,Fanchon.Mullane@gmail.com,worker,39
474,Anestassia,Maiah,Anestassia.Maiah@yopmail.com,Anestassia.Maiah@gmail.com,police officer,27
475,Jan,Medrek,Jan.Medrek@yopmail.com,Jan.Medrek@gmail.com,developer,36
476,Jeanna,Zamora,Jeanna.Zamora@yopmail.com,Jeanna.Zamora@gmail.com,developer,27
477,Binny,Narton,Binny.Narton@yopmail.com,Binny.Narton@gmail.com,doctor,29
478,Meriel,Ahab,Meriel.Ahab@yopmail.com,Meriel.Ahab@gmail.com,worker,32
479,Kenna,Fosque,Kenna.Fosque@yopmail.com,Kenna.Fosque@gmail.com,doctor,25
480,Latisha,Allare,Latisha.Allare@yopmail.com,Latisha.Allare@gmail.com,developer,34
481,Orelia,Barney,Orelia.Barney@yopmail.com,Orelia.Barney@gmail.com,police officer,25
482,Leontine,Blisse,Leontine.Blisse@yopmail.com,Leontine.Blisse@gmail.com,doctor,21
483,Chastity,Gilmour,Chastity.Gilmour@yopmail.com,Chastity.Gilmour@gmail.com,firefighter,30
484,Ginnie,Demitria,Ginnie.Demitria@yopmail.com,Ginnie.Demitria@gmail.com,developer,38
485,Hannis,Schonfeld,Hannis.Schonfeld@yopmail.com,Hannis.Schonfeld@gmail.com,developer,23
486,Dennie,Blase,Dennie.Blase@yopmail.com,Dennie.Blase@gmail.com,police officer,24
487,Maud,Vivle,Maud.Vivle@yopmail.com,Maud.Vivle@gmail.com,firefighter,31
488,Lucille,Hathaway,Lucille.Hathaway@yopmail.com,Lucille.Hathaway@gmail.com,firefighter,37
489,Claresta,Berriman,Claresta.Berriman@yopmail.com,Claresta.Berriman@gmail.com,doctor,33
490,Roxane,Michella,Roxane.Michella@yopmail.com,Roxane.Michella@gmail.com,developer,25
491,Regina,Merat,Regina.Merat@yopmail.com,Regina.Merat@gmail.com,developer,22
492,Sissy,Honoria,Sissy.Honoria@yopmail.com,Sissy.Honoria@gmail.com,firefighter,23
493,Ayn,Darbie,Ayn.Darbie@yopmail.com,Ayn.Darbie@gmail.com,developer,27
494,Jere,Carri,Jere.Carri@yopmail.com,Jere.Carri@gmail.com,police officer,38
495,Leeanne,Luhe,Leeanne.Luhe@yopmail.com,Leeanne.Luhe@gmail.com,firefighter,27
496,Paola,Mike,Paola.Mike@yopmail.com,Paola.Mike@gmail.com,doctor,34
497,Maridel,Ahab,Maridel.Ahab@yopmail.com,Maridel.Ahab@gmail.com,worker,28
498,Penelopa,Malina,Penelopa.Malina@yopmail.com,Penelopa.Malina@gmail.com,doctor,26
499,Pearline,Janith,Pearline.Janith@yopmail.com,Pearline.Janith@gmail.com,police officer,24
500,Angela,Henebry,Angela.Henebry@yopmail.com,Angela.Henebry@gmail.com,police officer,23
501,Jaime,Monaco,Jaime.Monaco@yopmail.com,Jaime.Monaco@gmail.com,firefighter,28
502,Constance,Latini,Constance.Latini@yopmail.com,Constance.Latini@gmail.com,firefighter,29
503,Nicoli,Halla,Nicoli.Halla@yopmail.com,Nicoli.Halla@gmail.com,police officer,28
504,Belinda,Nisbet,Belinda.Nisbet@yopmail.com,Belinda.Nisbet@gmail.com,developer,30
505,Shaylyn,Zola,Shaylyn.Zola@yopmail.com,Shaylyn.Zola@gmail.com,police officer,32
506,Marita,Rooney,Marita.Rooney@yopmail.com,Marita.Rooney@gmail.com,doctor,20
507,Steffane,Ortrude,Steffane.Ortrude@yopmail.com,Steffane.Ortrude@gmail.com,doctor,22
508,Deirdre,Saint,Deirdre.Saint@yopmail.com,Deirdre.Saint@gmail.com,police officer,33
509,Ketti,Loring,Ketti.Loring@yopmail.com,Ketti.Loring@gmail.com,doctor,30
510,Jenda,Niles,Jenda.Niles@yopmail.com,Jenda.Niles@gmail.com,doctor,26
511,Damaris,Emmaline,Damaris.Emmaline@yopmail.com,Damaris.Emmaline@gmail.com,firefighter,27
512,Cathie,Katrine,Cathie.Katrine@yopmail.com,Cathie.Katrine@gmail.com,developer,35
513,Penelopa,Helve,Penelopa.Helve@yopmail.com,Penelopa.Helve@gmail.com,firefighter,25
514,Shell,Bach,Shell.Bach@yopmail.com,Shell.Bach@gmail.com,police officer,30
515,Jeanna,Macey,Jeanna.Macey@yopmail.com,Jeanna.Macey@gmail.com,developer,22
516,Elie,Urania,Elie.Urania@yopmail.com,Elie.Urania@gmail.com,worker,20
517,Teriann,Bobbee,Teriann.Bobbee@yopmail.com,Teriann.Bobbee@gmail.com,doctor,24
518,Kamilah,Screens,Kamilah.Screens@yopmail.com,Kamilah.Screens@gmail.com,police officer,34
519,Cathie,Morehouse,Cathie.Morehouse@yopmail.com,Cathie.Morehouse@gmail.com,developer,21
520,Daune,Uund,Daune.Uund@yopmail.com,Daune.Uund@gmail.com,worker,26
521,Melodie,Soneson,Melodie.Soneson@yopmail.com,Melodie.Soneson@gmail.com,doctor,23
522,Jobi,Oriana,Jobi.Oriana@yopmail.com,Jobi.Oriana@gmail.com,worker,40
523,Caritta,Pattin,Caritta.Pattin@yopmail.com,Caritta.Pattin@gmail.com,developer,32
524,Angelique,Nedrud,Angelique.Nedrud@yopmail.com,Angelique.Nedrud@gmail.com,firefighter,25
525,Christal,Gino,Christal.Gino@yopmail.com,Christal.Gino@gmail.com,developer,30
526,Oralee,Ade,Oralee.Ade@yopmail.com,Oralee.Ade@gmail.com,firefighter,31
527,Zia,Reneta,Zia.Reneta@yopmail.com,Zia.Reneta@gmail.com,worker,37
528,Janeczka,Mauer,Janeczka.Mauer@yopmail.com,Janeczka.Mauer@gmail.com,developer,40
529,Flory,Niccolo,Flory.Niccolo@yopmail.com,Flory.Niccolo@gmail.com,developer,20
530,Lenna,Herrera,Lenna.Herrera@yopmail.com,Lenna.Herrera@gmail.com,doctor,24
531,Kaia,Ajay,Kaia.Ajay@yopmail.com,Kaia.Ajay@gmail.com,worker,38
532,Tybie,Dermott,Tybie.Dermott@yopmail.com,Tybie.Dermott@gmail.com,police officer,23
533,Cecile,Garlinda,Cecile.Garlinda@yopmail.com,Cecile.Garlinda@gmail.com,developer,33
534,Philis,Bashemeth,Philis.Bashemeth@yopmail.com,Philis.Bashemeth@gmail.com,worker,26
535,Vonny,Joli,Vonny.Joli@yopmail.com,Vonny.Joli@gmail.com,doctor,28
536,Jerry,Tound,Jerry.Tound@yopmail.com,Jerry.Tound@gmail.com,firefighter,23
537,Chickie,Socha,Chickie.Socha@yopmail.com,Chickie.Socha@gmail.com,firefighter,24
538,Dulcinea,Gualtiero,Dulcinea.Gualtiero@yopmail.com,Dulcinea.Gualtiero@gmail.com,worker,33
539,Dione,Hollingsworth,Dione.Hollingsworth@yopmail.com,Dione.Hollingsworth@gmail.com,firefighter,37
540,Perry,Ciro,Perry.Ciro@yopmail.com,Perry.Ciro@gmail.com,worker,31
541,Dagmar,August,Dagmar.August@yopmail.com,Dagmar.August@gmail.com,developer,30
542,Ginnie,Hertzfeld,Ginnie.Hertzfeld@yopmail.com,Ginnie.Hertzfeld@gmail.com,firefighter,33
543,Lenna,Bach,Lenna.Bach@yopmail.com,Lenna.Bach@gmail.com,worker,32
544,Vonny,Prouty,Vonny.Prouty@yopmail.com,Vonny.Prouty@gmail.com,developer,39
545,Ebonee,Han,Ebonee.Han@yopmail.com,Ebonee.Han@gmail.com,doctor,40
546,Rhoda,Penelopa,Rhoda.Penelopa@yopmail.com,Rhoda.Penelopa@gmail.com,firefighter,25
547,Lorie,Zeeba,Lorie.Zeeba@yopmail.com,Lorie.Zeeba@gmail.com,firefighter,23
548,Wileen,Cadmar,Wileen.Cadmar@yopmail.com,Wileen.Cadmar@gmail.com,worker,22
549,Annice,Khorma,Annice.Khorma@yopmail.com,Annice.Khorma@gmail.com,firefighter,26
550,Harmonia,Ammann,Harmonia.Ammann@yopmail.com,Harmonia.Ammann@gmail.com,worker,37
551,Karolina,Monk,Karolina.Monk@yopmail.com,Karolina.Monk@gmail.com,developer,29
552,Dyann,Rurik,Dyann.Rurik@yopmail.com,Dyann.Rurik@gmail.com,doctor,29
553,Drucie,Bibi,Drucie.Bibi@yopmail.com,Drucie.Bibi@gmail.com,police officer,27
554,Tierney,Sparhawk,Tierney.Sparhawk@yopmail.com,Tierney.Sparhawk@gmail.com,developer,32
555,Verla,Quent,Verla.Quent@yopmail.com,Verla.Quent@gmail.com,doctor,31
556,Gratia,Karl,Gratia.Karl@yopmail.com,Gratia.Karl@gmail.com,worker,36
557,Lisette,Curren,Lisette.Curren@yopmail.com,Lisette.Curren@gmail.com,doctor,22
558,Mariann,Hillel,Mariann.Hillel@yopmail.com,Mariann.Hillel@gmail.com,police officer,27
559,Penelopa,Soneson,Penelopa.Soneson@yopmail.com,Penelopa.Soneson@gmail.com,doctor,24
560,Gabriellia,Pernick,Gabriellia.Pernick@yopmail.com,Gabriellia.Pernick@gmail.com,police officer,36
561,Amara,Roxanna,Amara.Roxanna@yopmail.com,Amara.Roxanna@gmail.com,developer,34
562,Justinn,LaRue,Justinn.LaRue@yopmail.com,Justinn.LaRue@gmail.com,firefighter,32
563,Minne,Alarise,Minne.Alarise@yopmail.com,Minne.Alarise@gmail.com,firefighter,28
564,Genevra,Kinnard,Genevra.Kinnard@yopmail.com,Genevra.Kinnard@gmail.com,firefighter,37
565,Ardeen,Nahum,Ardeen.Nahum@yopmail.com,Ardeen.Nahum@gmail.com,police officer,39
566,Cissiee,Denis,Cissiee.Denis@yopmail.com,Cissiee.Denis@gmail.com,firefighter,26
567,Olwen,Bach,Olwen.Bach@yopmail.com,Olwen.Bach@gmail.com,worker,40
568,Nonnah,Desai,Nonnah.Desai@yopmail.com,Nonnah.Desai@gmail.com,developer,25
569,Jsandye,Sherfield,Jsandye.Sherfield@yopmail.com,Jsandye.Sherfield@gmail.com,doctor,20
570,Lusa,Wattenberg,Lusa.Wattenberg@yopmail.com,Lusa.Wattenberg@gmail.com,worker,32
571,Bernie,Sibyls,Bernie.Sibyls@yopmail.com,Bernie.Sibyls@gmail.com,developer,20
572,Celestyna,Dimitris,Celestyna.Dimitris@yopmail.com,Celestyna.Dimitris@gmail.com,doctor,29
573,Tracey,Anastatius,Tracey.Anastatius@yopmail.com,Tracey.Anastatius@gmail.com,police officer,25
574,Madelle,Suanne,Madelle.Suanne@yopmail.com,Madelle.Suanne@gmail.com,doctor,29
575,Sashenka,Kussell,Sashenka.Kussell@yopmail.com,Sashenka.Kussell@gmail.com,police officer,21
576,Dorthy,Willie,Dorthy.Willie@yopmail.com,Dorthy.Willie@gmail.com,worker,35
577,Jan,Natalia,Jan.Natalia@yopmail.com,Jan.Natalia@gmail.com,police officer,20
578,Ayn,Maurine,Ayn.Maurine@yopmail.com,Ayn.Maurine@gmail.com,police officer,23
579,Marleah,Arley,Marleah.Arley@yopmail.com,Marleah.Arley@gmail.com,worker,35
580,Zaria,Verger,Zaria.Verger@yopmail.com,Zaria.Verger@gmail.com,doctor,28
581,Violet,Grayce,Violet.Grayce@yopmail.com,Violet.Grayce@gmail.com,developer,21
582,Jessy,Prober,Jessy.Prober@yopmail.com,Jessy.Prober@gmail.com,developer,20
583,Eolanda,Parsaye,Eolanda.Parsaye@yopmail.com,Eolanda.Parsaye@gmail.com,worker,31
584,Dagmar,Curren,Dagmar.Curren@yopmail.com,Dagmar.Curren@gmail.com,worker,31
585,Abbie,Nunci,Abbie.Nunci@yopmail.com,Abbie.Nunci@gmail.com,police officer,32
586,Raina,Faust,Raina.Faust@yopmail.com,Raina.Faust@gmail.com,doctor,35
587,Dari,Eugenia,Dari.Eugenia@yopmail.com,Dari.Eugenia@gmail.com,doctor,28
588,Carree,Croix,Carree.Croix@yopmail.com,Carree.Croix@gmail.com,doctor,30
589,Brandise,Juliet,Brandise.Juliet@yopmail.com,Brandise.Juliet@gmail.com,police officer,21
590,Courtnay,Abbot,Courtnay.Abbot@yopmail.com,Courtnay.Abbot@gmail.com,police officer,32
591,Minda,Bakerman,Minda.Bakerman@yopmail.com,Minda.Bakerman@gmail.com,doctor,39
592,Sidoney,Regan,Sidoney.Regan@yopmail.com,Sidoney.Regan@gmail.com,doctor,28
593,Beth,Smitt,Beth.Smitt@yopmail.com,Beth.Smitt@gmail.com,worker,28
594,Concettina,Waldron,Concettina.Waldron@yopmail.com,Concettina.Waldron@gmail.com,developer,23
595,Adelle,Leonard,Adelle.Leonard@yopmail.com,Adelle.Leonard@gmail.com,worker,23
596,Rayna,Mendez,Rayna.Mendez@yopmail.com,Rayna.Mendez@gmail.com,doctor,38
597,Abbie,Jacqui,Abbie.Jacqui@yopmail.com,Abbie.Jacqui@gmail.com,developer,34
598,Taffy,Vins,Taffy.Vins@yopmail.com,Taffy.Vins@gmail.com,worker,28
599,Ashlee,Dex,Ashlee.Dex@yopmail.com,Ashlee.Dex@gmail.com,firefighter,21
600,Fidelia,Mintz,Fidelia.Mintz@yopmail.com,Fidelia.Mintz@gmail.com,worker,25
601,Jenda,Waite,Jenda.Waite@yopmail.com,Jenda.Waite@gmail.com,worker,40
602,Roslyn,Fennessy,Roslyn.Fennessy@yopmail.com,Roslyn.Fennessy@gmail.com,doctor,39
603,Janis,Merriott,Janis.Merriott@yopmail.com,Janis.Merriott@gmail.com,developer,33
604,Dennie,Karylin,Dennie.Karylin@yopmail.com,Dennie.Karylin@gmail.com,firefighter,30
605,Hallie,Riva,Hallie.Riva@yopmail.com,Hallie.Riva@gmail.com,developer,21
606,Talya,Fontana,Talya.Fontana@yopmail.com,Talya.Fontana@gmail.com,doctor,32
607,Tera,Christine,Tera.Christine@yopmail.com,Tera.Christine@gmail.com,police officer,32
608,Merci,Kristi,Merci.Kristi@yopmail.com,Merci.Kristi@gmail.com,developer,22
609,Alyssa,Monk,Alyssa.Monk@yopmail.com,Alyssa.Monk@gmail.com,doctor,36
610,Vevay,Cookie,Vevay.Cookie@yopmail.com,Vevay.Cookie@gmail.com,firefighter,38
611,Ardeen,My,Ardeen.My@yopmail.com,Ardeen.My@gmail.com,police officer,31
612,Violet,Erskine,Violet.Erskine@yopmail.com,Violet.Erskine@gmail.com,firefighter,20
613,Carolina,Merna,Carolina.Merna@yopmail.com,Carolina.Merna@gmail.com,police officer,20
614,Ardeen,Joseph,Ardeen.Joseph@yopmail.com,Ardeen.Joseph@gmail.com,worker,38
615,Tersina,Trinetta,Tersina.Trinetta@yopmail.com,Tersina.Trinetta@gmail.com,developer,20
616,Mara,Gusella,Mara.Gusella@yopmail.com,Mara.Gusella@gmail.com,worker,33
617,Ada,Trace,Ada.Trace@yopmail.com,Ada.Trace@gmail.com,worker,20
618,Hettie,Diann,Hettie.Diann@yopmail.com,Hettie.Diann@gmail.com,worker,24
619,Bobbi,Deny,Bobbi.Deny@yopmail.com,Bobbi.Deny@gmail.com,doctor,39
620,Collen,Kermit,Collen.Kermit@yopmail.com,Collen.Kermit@gmail.com,police officer,33
621,Lanna,Cristi,Lanna.Cristi@yopmail.com,Lanna.Cristi@gmail.com,police officer,34
622,Lelah,Michella,Lelah.Michella@yopmail.com,Lelah.Michella@gmail.com,firefighter,22
623,Ketti,Edison,Ketti.Edison@yopmail.com,Ketti.Edison@gmail.com,police officer,24
624,Jillayne,Virgin,Jillayne.Virgin@yopmail.com,Jillayne.Virgin@gmail.com,developer,21
625,Leona,Sophronia,Leona.Sophronia@yopmail.com,Leona.Sophronia@gmail.com,police officer,22
626,Robinia,Cleo,Robinia.Cleo@yopmail.com,Robinia.Cleo@gmail.com,doctor,20
627,Reeba,Hazlett,Reeba.Hazlett@yopmail.com,Reeba.Hazlett@gmail.com,developer,22
628,Pollyanna,Maiah,Pollyanna.Maiah@yopmail.com,Pollyanna.Maiah@gmail.com,firefighter,35
629,Johna,Revkah,Johna.Revkah@yopmail.com,Johna.Revkah@gmail.com,doctor,40
630,Kalina,Dahlia,Kalina.Dahlia@yopmail.com,Kalina.Dahlia@gmail.com,police officer,39
631,Selia,Leopold,Selia.Leopold@yopmail.com,Selia.Leopold@gmail.com,doctor,21
632,Roberta,Diann,Roberta.Diann@yopmail.com,Roberta.Diann@gmail.com,doctor,24
633,Cecile,Danby,Cecile.Danby@yopmail.com,Cecile.Danby@gmail.com,police officer,24
634,Jerry,Rhu,Jerry.Rhu@yopmail.com,Jerry.Rhu@gmail.com,worker,30
635,Malina,Bakerman,Malina.Bakerman@yopmail.com,Malina.Bakerman@gmail.com,police officer,20
636,Wanda,Adore,Wanda.Adore@yopmail.com,Wanda.Adore@gmail.com,developer,36
637,Nicoli,Sherrie,Nicoli.Sherrie@yopmail.com,Nicoli.Sherrie@gmail.com,police officer,32
638,Briney,Kamaria,Briney.Kamaria@yopmail.com,Briney.Kamaria@gmail.com,developer,22
639,Ardeen,Merriott,Ardeen.Merriott@yopmail.com,Ardeen.Merriott@gmail.com,doctor,39
640,Dotty,Nadia,Dotty.Nadia@yopmail.com,Dotty.Nadia@gmail.com,firefighter,23
641,Tami,Swigart,Tami.Swigart@yopmail.com,Tami.Swigart@gmail.com,doctor,33
642,Christy,Nikaniki,Christy.Nikaniki@yopmail.com,Christy.Nikaniki@gmail.com,developer,30
643,Drucie,Lenny,Drucie.Lenny@yopmail.com,Drucie.Lenny@gmail.com,worker,38
644,Clementine,Deny,Clementine.Deny@yopmail.com,Clementine.Deny@gmail.com,doctor,27
645,Mariann,Tristram,Mariann.Tristram@yopmail.com,Mariann.Tristram@gmail.com,worker,33
646,Karolina,Strephon,Karolina.Strephon@yopmail.com,Karolina.Strephon@gmail.com,developer,27
647,Brietta,Brunell,Brietta.Brunell@yopmail.com,Brietta.Brunell@gmail.com,worker,28
648,Paulita,Evvie,Paulita.Evvie@yopmail.com,Paulita.Evvie@gmail.com,worker,39
649,Stacey,Jacobah,Stacey.Jacobah@yopmail.com,Stacey.Jacobah@gmail.com,police officer,22
650,Celestyna,Sallyann,Celestyna.Sallyann@yopmail.com,Celestyna.Sallyann@gmail.com,developer,38
651,Darci,Therine,Darci.Therine@yopmail.com,Darci.Therine@gmail.com,worker,20
652,Brynna,Eugenia,Brynna.Eugenia@yopmail.com,Brynna.Eugenia@gmail.com,doctor,25
653,Winifred,Evvie,Winifred.Evvie@yopmail.com,Winifred.Evvie@gmail.com,developer,40
654,Lita,Ventre,Lita.Ventre@yopmail.com,Lita.Ventre@gmail.com,developer,27
655,Atlanta,Gregrory,Atlanta.Gregrory@yopmail.com,Atlanta.Gregrory@gmail.com,doctor,25
656,Selia,Rugen,Selia.Rugen@yopmail.com,Selia.Rugen@gmail.com,firefighter,23
657,Lynea,Brunell,Lynea.Brunell@yopmail.com,Lynea.Brunell@gmail.com,police officer,25
658,Rori,Ferrell,Rori.Ferrell@yopmail.com,Rori.Ferrell@gmail.com,developer,39
659,Paule,Dom,Paule.Dom@yopmail.com,Paule.Dom@gmail.com,worker,33
660,Kenna,Thornburg,Kenna.Thornburg@yopmail.com,Kenna.Thornburg@gmail.com,police officer,31
661,Pierette,Rooney,Pierette.Rooney@yopmail.com,Pierette.Rooney@gmail.com,firefighter,31
662,Madalyn,Middleton,Madalyn.Middleton@yopmail.com,Madalyn.Middleton@gmail.com,doctor,24
663,Penelopa,Brenn,Penelopa.Brenn@yopmail.com,Penelopa.Brenn@gmail.com,firefighter,40
664,Silvana,Destinee,Silvana.Destinee@yopmail.com,Silvana.Destinee@gmail.com,firefighter,21
665,Margette,Johanna,Margette.Johanna@yopmail.com,Margette.Johanna@gmail.com,firefighter,40
666,Anthia,Vilma,Anthia.Vilma@yopmail.com,Anthia.Vilma@gmail.com,doctor,24
667,Annaliese,Strephon,Annaliese.Strephon@yopmail.com,Annaliese.Strephon@gmail.com,police officer,25
668,Kelly,Ricarda,Kelly.Ricarda@yopmail.com,Kelly.Ricarda@gmail.com,worker,36
669,Rhea,Mathilde,Rhea.Mathilde@yopmail.com,Rhea.Mathilde@gmail.com,doctor,37
670,Lelah,Brackely,Lelah.Brackely@yopmail.com,Lelah.Brackely@gmail.com,worker,39
671,Genevra,Catie,Genevra.Catie@yopmail.com,Genevra.Catie@gmail.com,firefighter,36
672,Anthia,Lory,Anthia.Lory@yopmail.com,Anthia.Lory@gmail.com,developer,29
673,Dania,Meter,Dania.Meter@yopmail.com,Dania.Meter@gmail.com,worker,21
674,Mariele,Hillel,Mariele.Hillel@yopmail.com,Mariele.Hillel@gmail.com,doctor,39
675,Annora,Hollingsworth,Annora.Hollingsworth@yopmail.com,Annora.Hollingsworth@gmail.com,firefighter,34
676,Myriam,Toffic,Myriam.Toffic@yopmail.com,Myriam.Toffic@gmail.com,doctor,30
677,Roberta,Ricki,Roberta.Ricki@yopmail.com,Roberta.Ricki@gmail.com,worker,34
678,Corene,Elvyn,Corene.Elvyn@yopmail.com,Corene.Elvyn@gmail.com,police officer,30
679,Lyssa,Bow,Lyssa.Bow@yopmail.com,Lyssa.Bow@gmail.com,doctor,39
680,Lonnie,Rozanna,Lonnie.Rozanna@yopmail.com,Lonnie.Rozanna@gmail.com,developer,28
681,Ulrike,Dorothy,Ulrike.Dorothy@yopmail.com,Ulrike.Dorothy@gmail.com,police officer,27
682,Alexine,Kosey,Alexine.Kosey@yopmail.com,Alexine.Kosey@gmail.com,police officer,24
683,Rani,Hoenack,Rani.Hoenack@yopmail.com,Rani.Hoenack@gmail.com,police officer,21
684,June,Keelia,June.Keelia@yopmail.com,June.Keelia@gmail.com,doctor,23
685,Lorie,Gwenore,Lorie.Gwenore@yopmail.com,Lorie.Gwenore@gmail.com,firefighter,39
686,Renie,Bultman,Renie.Bultman@yopmail.com,Renie.Bultman@gmail.com,firefighter,20
687,Talya,Rosette,Talya.Rosette@yopmail.com,Talya.Rosette@gmail.com,police officer,32
688,Fanchon,Amadas,Fanchon.Amadas@yopmail.com,Fanchon.Amadas@gmail.com,worker,30
689,Kimmy,Jenness,Kimmy.Jenness@yopmail.com,Kimmy.Jenness@gmail.com,worker,38
690,Nyssa,Barbey,Nyssa.Barbey@yopmail.com,Nyssa.Barbey@gmail.com,doctor,28
691,Jacquetta,Kazimir,Jacquetta.Kazimir@yopmail.com,Jacquetta.Kazimir@gmail.com,police officer,28
692,Agnese,Goode,Agnese.Goode@yopmail.com,Agnese.Goode@gmail.com,firefighter,21
693,Fidelia,Bandeen,Fidelia.Bandeen@yopmail.com,Fidelia.Bandeen@gmail.com,police officer,32
694,Elena,Radu,Elena.Radu@yopmail.com,Elena.Radu@gmail.com,doctor,28
695,Nikki,Scammon,Nikki.Scammon@yopmail.com,Nikki.Scammon@gmail.com,police officer,23
696,Sheelagh,Ioab,Sheelagh.Ioab@yopmail.com,Sheelagh.Ioab@gmail.com,doctor,40
697,Emma,Wildermuth,Emma.Wildermuth@yopmail.com,Emma.Wildermuth@gmail.com,doctor,31
698,Alyda,Anderea,Alyda.Anderea@yopmail.com,Alyda.Anderea@gmail.com,developer,28
699,Larine,Ashok,Larine.Ashok@yopmail.com,Larine.Ashok@gmail.com,firefighter,28
700,Kelly,Buffum,Kelly.Buffum@yopmail.com,Kelly.Buffum@gmail.com,doctor,25
701,Malina,Kenwood,Malina.Kenwood@yopmail.com,Malina.Kenwood@gmail.com,police officer,33
702,Camile,Genna,Camile.Genna@yopmail.com,Camile.Genna@gmail.com,developer,35
703,Cissiee,Nance,Cissiee.Nance@yopmail.com,Cissiee.Nance@gmail.com,developer,30
704,Carmencita,Eben,Carmencita.Eben@yopmail.com,Carmencita.Eben@gmail.com,developer,24
705,Nerta,Torray,Nerta.Torray@yopmail.com,Nerta.Torray@gmail.com,worker,35
706,June,Holbrook,June.Holbrook@yopmail.com,June.Holbrook@gmail.com,doctor,34
707,Suzette,Shirberg,Suzette.Shirberg@yopmail.com,Suzette.Shirberg@gmail.com,developer,35
708,Bibby,Even,Bibby.Even@yopmail.com,Bibby.Even@gmail.com,worker,37
709,Aimil,Howlyn,Aimil.Howlyn@yopmail.com,Aimil.Howlyn@gmail.com,developer,22
710,Kittie,Decato,Kittie.Decato@yopmail.com,Kittie.Decato@gmail.com,police officer,38
711,Sindee,Barrus,Sindee.Barrus@yopmail.com,Sindee.Barrus@gmail.com,firefighter,40
712,Angela,Pip,Angela.Pip@yopmail.com,Angela.Pip@gmail.com,doctor,33
713,Dode,Harned,Dode.Harned@yopmail.com,Dode.Harned@gmail.com,doctor,27
714,Merle,Wattenberg,Merle.Wattenberg@yopmail.com,Merle.Wattenberg@gmail.com,developer,29
715,Regina,Kylander,Regina.Kylander@yopmail.com,Regina.Kylander@gmail.com,police officer,34
716,Kore,Merat,Kore.Merat@yopmail.com,Kore.Merat@gmail.com,firefighter,26
717,Margalo,Bandeen,Margalo.Bandeen@yopmail.com,Margalo.Bandeen@gmail.com,firefighter,37
718,Sue,Berne,Sue.Berne@yopmail.com,Sue.Berne@gmail.com,developer,22
719,Gratia,Vharat,Gratia.Vharat@yopmail.com,Gratia.Vharat@gmail.com,developer,33
720,Theodora,Hylan,Theodora.Hylan@yopmail.com,Theodora.Hylan@gmail.com,developer,36
721,Nadine,Millda,Nadine.Millda@yopmail.com,Nadine.Millda@gmail.com,firefighter,33
722,Vere,Konyn,Vere.Konyn@yopmail.com,Vere.Konyn@gmail.com,firefighter,34
723,Raf,Chauncey,Raf.Chauncey@yopmail.com,Raf.Chauncey@gmail.com,worker,34
724,Coral,Friede,Coral.Friede@yopmail.com,Coral.Friede@gmail.com,developer,32
725,Janeczka,Maryanne,Janeczka.Maryanne@yopmail.com,Janeczka.Maryanne@gmail.com,worker,37
726,Cristabel,Abbot,Cristabel.Abbot@yopmail.com,Cristabel.Abbot@gmail.com,doctor,37
727,Odessa,Marlie,Odessa.Marlie@yopmail.com,Odessa.Marlie@gmail.com,developer,32
728,Julieta,Karna,Julieta.Karna@yopmail.com,Julieta.Karna@gmail.com,developer,31
729,Aigneis,Brotherson,Aigneis.Brotherson@yopmail.com,Aigneis.Brotherson@gmail.com,developer,20
730,Daryl,Travax,Daryl.Travax@yopmail.com,Daryl.Travax@gmail.com,doctor,22
731,Codie,Maribeth,Codie.Maribeth@yopmail.com,Codie.Maribeth@gmail.com,doctor,26
732,Rhoda,Fancie,Rhoda.Fancie@yopmail.com,Rhoda.Fancie@gmail.com,developer,28
733,Dennie,Faust,Dennie.Faust@yopmail.com,Dennie.Faust@gmail.com,developer,29
734,Melodie,Read,Melodie.Read@yopmail.com,Melodie.Read@gmail.com,police officer,36
735,Alie,LaRue,Alie.LaRue@yopmail.com,Alie.LaRue@gmail.com,police officer,33
736,Shaylyn,Leonard,Shaylyn.Leonard@yopmail.com,Shaylyn.Leonard@gmail.com,firefighter,37
737,Dianemarie,Kauppi,Dianemarie.Kauppi@yopmail.com,Dianemarie.Kauppi@gmail.com,firefighter,26
738,Tori,Edison,Tori.Edison@yopmail.com,Tori.Edison@gmail.com,worker,22
739,Sam,Sibyls,Sam.Sibyls@yopmail.com,Sam.Sibyls@gmail.com,worker,28
740,Odessa,Heisel,Odessa.Heisel@yopmail.com,Odessa.Heisel@gmail.com,firefighter,39
741,Chrystel,Wolfgram,Chrystel.Wolfgram@yopmail.com,Chrystel.Wolfgram@gmail.com,police officer,32
742,Kalina,Llovera,Kalina.Llovera@yopmail.com,Kalina.Llovera@gmail.com,doctor,35
743,Tatiania,Martsen,Tatiania.Martsen@yopmail.com,Tatiania.Martsen@gmail.com,police officer,25
744,Adelle,Codding,Adelle.Codding@yopmail.com,Adelle.Codding@gmail.com,worker,23
745,Margette,Lutero,Margette.Lutero@yopmail.com,Margette.Lutero@gmail.com,doctor,33
746,Magdalena,Iaverne,Magdalena.Iaverne@yopmail.com,Magdalena.Iaverne@gmail.com,police officer,39
747,Lory,Lutero,Lory.Lutero@yopmail.com,Lory.Lutero@gmail.com,firefighter,35
748,Lily,Raama,Lily.Raama@yopmail.com,Lily.Raama@gmail.com,developer,29
749,Christy,Gilbertson,Christy.Gilbertson@yopmail.com,Christy.Gilbertson@gmail.com,worker,29
750,Ada,Mozelle,Ada.Mozelle@yopmail.com,Ada.Mozelle@gmail.com,developer,27
751,Vivia,Lumbard,Vivia.Lumbard@yopmail.com,Vivia.Lumbard@gmail.com,firefighter,33
752,Kristan,Erminia,Kristan.Erminia@yopmail.com,Kristan.Erminia@gmail.com,police officer,20
753,Nicoli,Thilda,Nicoli.Thilda@yopmail.com,Nicoli.Thilda@gmail.com,doctor,28
754,Heddie,Kelula,Heddie.Kelula@yopmail.com,Heddie.Kelula@gmail.com,doctor,40
755,Lesly,Fiann,Lesly.Fiann@yopmail.com,Lesly.Fiann@gmail.com,firefighter,38
756,Mathilda,Kare,Mathilda.Kare@yopmail.com,Mathilda.Kare@gmail.com,police officer,33
757,Tobe,Garek,Tobe.Garek@yopmail.com,Tobe.Garek@gmail.com,police officer,34
758,Clementine,Remmer,Clementine.Remmer@yopmail.com,Clementine.Remmer@gmail.com,developer,23
759,Genevra,Medrek,Genevra.Medrek@yopmail.com,Genevra.Medrek@gmail.com,firefighter,30
760,Mathilda,Salvidor,Mathilda.Salvidor@yopmail.com,Mathilda.Salvidor@gmail.com,developer,38
761,Fanchon,Schlosser,Fanchon.Schlosser@yopmail.com,Fanchon.Schlosser@gmail.com,developer,40
762,Maurene,Henrie,Maurene.Henrie@yopmail.com,Maurene.Henrie@gmail.com,developer,30
763,Babita,Fadiman,Babita.Fadiman@yopmail.com,Babita.Fadiman@gmail.com,firefighter,38
764,Desirae,Heisel,Desirae.Heisel@yopmail.com,Desirae.Heisel@gmail.com,doctor,21
765,Katharina,Roxanna,Katharina.Roxanna@yopmail.com,Katharina.Roxanna@gmail.com,firefighter,40
766,Bee,Dunkin,Bee.Dunkin@yopmail.com,Bee.Dunkin@gmail.com,doctor,23
767,Agathe,Herrera,Agathe.Herrera@yopmail.com,Agathe.Herrera@gmail.com,firefighter,36
768,Jean,Weide,Jean.Weide@yopmail.com,Jean.Weide@gmail.com,police officer,37
769,Tina,Magdalen,Tina.Magdalen@yopmail.com,Tina.Magdalen@gmail.com,worker,35
770,Jorry,Hourigan,Jorry.Hourigan@yopmail.com,Jorry.Hourigan@gmail.com,police officer,32
771,Roberta,Nelsen,Roberta.Nelsen@yopmail.com,Roberta.Nelsen@gmail.com,worker,40
772,Winny,Tengdin,Winny.Tengdin@yopmail.com,Winny.Tengdin@gmail.com,firefighter,29
773,Lelah,Sallyann,Lelah.Sallyann@yopmail.com,Lelah.Sallyann@gmail.com,worker,25
774,Gisela,Redmond,Gisela.Redmond@yopmail.com,Gisela.Redmond@gmail.com,police officer,24
775,Clementine,Sasnett,Clementine.Sasnett@yopmail.com,Clementine.Sasnett@gmail.com,police officer,31
776,Pierette,Odysseus,Pierette.Odysseus@yopmail.com,Pierette.Odysseus@gmail.com,police officer,22
777,Ida,Infield,Ida.Infield@yopmail.com,Ida.Infield@gmail.com,doctor,33
778,Adriana,Smitt,Adriana.Smitt@yopmail.com,Adriana.Smitt@gmail.com,police officer,35
779,Kathy,Izaak,Kathy.Izaak@yopmail.com,Kathy.Izaak@gmail.com,firefighter,27
780,Di,Vittoria,Di.Vittoria@yopmail.com,Di.Vittoria@gmail.com,doctor,22
781,Zia,Borrell,Zia.Borrell@yopmail.com,Zia.Borrell@gmail.com,police officer,37
782,Cherrita,Wesle,Cherrita.Wesle@yopmail.com,Cherrita.Wesle@gmail.com,worker,36
783,Eve,Pyle,Eve.Pyle@yopmail.com,Eve.Pyle@gmail.com,police officer,32
784,Elka,Zola,Elka.Zola@yopmail.com,Elka.Zola@gmail.com,worker,39
785,Rosaline,Saree,Rosaline.Saree@yopmail.com,Rosaline.Saree@gmail.com,doctor,40
786,Luci,Old,Luci.Old@yopmail.com,Luci.Old@gmail.com,doctor,28
787,Susan,Eiser,Susan.Eiser@yopmail.com,Susan.Eiser@gmail.com,police officer,35
788,Minda,Marden,Minda.Marden@yopmail.com,Minda.Marden@gmail.com,police officer,40
789,Rebeca,O'Rourke,Rebeca.O'Rourke@yopmail.com,Rebeca.O'Rourke@gmail.com,doctor,24
790,Brena,Wandie,Brena.Wandie@yopmail.com,Brena.Wandie@gmail.com,doctor,38
791,Sissy,McLaughlin,Sissy.McLaughlin@yopmail.com,Sissy.McLaughlin@gmail.com,developer,33
792,Winny,Salchunas,Winny.Salchunas@yopmail.com,Winny.Salchunas@gmail.com,developer,32
793,Cristine,Marlie,Cristine.Marlie@yopmail.com,Cristine.Marlie@gmail.com,doctor,34
794,Cassondra,Brieta,Cassondra.Brieta@yopmail.com,Cassondra.Brieta@gmail.com,developer,39
795,Dagmar,Tybald,Dagmar.Tybald@yopmail.com,Dagmar.Tybald@gmail.com,doctor,32
796,Kayla,Boehike,Kayla.Boehike@yopmail.com,Kayla.Boehike@gmail.com,doctor,35
797,Barbara,Millda,Barbara.Millda@yopmail.com,Barbara.Millda@gmail.com,police officer,37
798,Marjie,Wenda,Marjie.Wenda@yopmail.com,Marjie.Wenda@gmail.com,worker,27
799,Emma,Wallis,Emma.Wallis@yopmail.com,Emma.Wallis@gmail.com,firefighter,25
800,Lizzie,Zuzana,Lizzie.Zuzana@yopmail.com,Lizzie.Zuzana@gmail.com,doctor,34
801,Vivia,Alfons,Vivia.Alfons@yopmail.com,Vivia.Alfons@gmail.com,firefighter,21
802,Cordi,Amethist,Cordi.Amethist@yopmail.com,Cordi.Amethist@gmail.com,doctor,22
803,Sonni,Magdalen,Sonni.Magdalen@yopmail.com,Sonni.Magdalen@gmail.com,police officer,37
804,Roz,Phi,Roz.Phi@yopmail.com,Roz.Phi@gmail.com,worker,37
805,Cecile,Matthew,Cecile.Matthew@yopmail.com,Cecile.Matthew@gmail.com,worker,33
806,Philis,Engdahl,Philis.Engdahl@yopmail.com,Philis.Engdahl@gmail.com,firefighter,29
807,Jacquetta,Lipson,Jacquetta.Lipson@yopmail.com,Jacquetta.Lipson@gmail.com,doctor,20
808,Jordan,Haldas,Jordan.Haldas@yopmail.com,Jordan.Haldas@gmail.com,firefighter,21
809,Kenna,Standing,Kenna.Standing@yopmail.com,Kenna.Standing@gmail.com,developer,31
810,Lynnea,Bettine,Lynnea.Bettine@yopmail.com,Lynnea.Bettine@gmail.com,firefighter,20
811,Helena,Haymes,Helena.Haymes@yopmail.com,Helena.Haymes@gmail.com,police officer,33
812,Sissy,Rosette,Sissy.Rosette@yopmail.com,Sissy.Rosette@gmail.com,firefighter,22
813,Fidelia,Kannry,Fidelia.Kannry@yopmail.com,Fidelia.Kannry@gmail.com,doctor,32
814,Lita,Taam,Lita.Taam@yopmail.com,Lita.Taam@gmail.com,police officer,33
815,Jaime,Erb,Jaime.Erb@yopmail.com,Jaime.Erb@gmail.com,police officer,25
816,Riannon,Mehalek,Riannon.Mehalek@yopmail.com,Riannon.Mehalek@gmail.com,police officer,20
817,Katuscha,Amasa,Katuscha.Amasa@yopmail.com,Katuscha.Amasa@gmail.com,doctor,26
818,Barbara,Herrera,Barbara.Herrera@yopmail.com,Barbara.Herrera@gmail.com,doctor,34
819,Atlanta,Gert,Atlanta.Gert@yopmail.com,Atlanta.Gert@gmail.com,police officer,24
820,Isa,Fabiola,Isa.Fabiola@yopmail.com,Isa.Fabiola@gmail.com,police officer,28
821,Dione,Henebry,Dione.Henebry@yopmail.com,Dione.Henebry@gmail.com,police officer,22
822,Winifred,Susannah,Winifred.Susannah@yopmail.com,Winifred.Susannah@gmail.com,police officer,40
823,Vonny,Millda,Vonny.Millda@yopmail.com,Vonny.Millda@gmail.com,police officer,35
824,Orelia,Izaak,Orelia.Izaak@yopmail.com,Orelia.Izaak@gmail.com,developer,36
825,Lorne,Daegal,Lorne.Daegal@yopmail.com,Lorne.Daegal@gmail.com,doctor,25
826,Jillayne,Cath,Jillayne.Cath@yopmail.com,Jillayne.Cath@gmail.com,worker,36
827,Codie,Carlson,Codie.Carlson@yopmail.com,Codie.Carlson@gmail.com,police officer,22
828,Eolanda,Mathilde,Eolanda.Mathilde@yopmail.com,Eolanda.Mathilde@gmail.com,worker,25
829,Glenda,Vacuva,Glenda.Vacuva@yopmail.com,Glenda.Vacuva@gmail.com,worker,21
830,Trudie,Nikaniki,Trudie.Nikaniki@yopmail.com,Trudie.Nikaniki@gmail.com,worker,35
831,Natka,Suk,Natka.Suk@yopmail.com,Natka.Suk@gmail.com,worker,20
832,Gianina,Scammon,Gianina.Scammon@yopmail.com,Gianina.Scammon@gmail.com,developer,21
833,Eadie,Newell,Eadie.Newell@yopmail.com,Eadie.Newell@gmail.com,doctor,25
834,Ileana,Aaberg,Ileana.Aaberg@yopmail.com,Ileana.Aaberg@gmail.com,doctor,40
835,Fred,Faria,Fred.Faria@yopmail.com,Fred.Faria@gmail.com,police officer,32
836,Lolita,Yam,Lolita.Yam@yopmail.com,Lolita.Yam@gmail.com,developer,37
837,Frieda,Ezar,Frieda.Ezar@yopmail.com,Frieda.Ezar@gmail.com,developer,39
838,Tamqrah,Thar,Tamqrah.Thar@yopmail.com,Tamqrah.Thar@gmail.com,developer,39
839,Darci,Melan,Darci.Melan@yopmail.com,Darci.Melan@gmail.com,doctor,39
840,Rubie,Hunfredo,Rubie.Hunfredo@yopmail.com,Rubie.Hunfredo@gmail.com,police officer,23
841,Gaylene,Loeb,Gaylene.Loeb@yopmail.com,Gaylene.Loeb@gmail.com,doctor,38
842,Madalyn,Winthorpe,Madalyn.Winthorpe@yopmail.com,Madalyn.Winthorpe@gmail.com,worker,40
843,Gerianna,Strephon,Gerianna.Strephon@yopmail.com,Gerianna.Strephon@gmail.com,police officer,28
844,Shandie,Matthew,Shandie.Matthew@yopmail.com,Shandie.Matthew@gmail.com,police officer,20
845,Marika,Granoff,Marika.Granoff@yopmail.com,Marika.Granoff@gmail.com,developer,32
846,Joelly,Freddi,Joelly.Freddi@yopmail.com,Joelly.Freddi@gmail.com,firefighter,37
847,Eve,Middleton,Eve.Middleton@yopmail.com,Eve.Middleton@gmail.com,firefighter,40
848,Genovera,Chem,Genovera.Chem@yopmail.com,Genovera.Chem@gmail.com,worker,35
849,Ingrid,Tyson,Ingrid.Tyson@yopmail.com,Ingrid.Tyson@gmail.com,police officer,24
850,Robinia,Brieta,Robinia.Brieta@yopmail.com,Robinia.Brieta@gmail.com,developer,25
851,Selia,Martsen,Selia.Martsen@yopmail.com,Selia.Martsen@gmail.com,developer,22
852,Clarice,Gabrielli,Clarice.Gabrielli@yopmail.com,Clarice.Gabrielli@gmail.com,doctor,28
853,Nollie,Cookie,Nollie.Cookie@yopmail.com,Nollie.Cookie@gmail.com,firefighter,33
854,Nariko,Silvan,Nariko.Silvan@yopmail.com,Nariko.Silvan@gmail.com,worker,21
855,Angelique,Joni,Angelique.Joni@yopmail.com,Angelique.Joni@gmail.com,police officer,23
856,Wendi,Wilkinson,Wendi.Wilkinson@yopmail.com,Wendi.Wilkinson@gmail.com,doctor,33
857,Maisey,Faria,Maisey.Faria@yopmail.com,Maisey.Faria@gmail.com,police officer,31
858,Nonnah,Olympium,Nonnah.Olympium@yopmail.com,Nonnah.Olympium@gmail.com,worker,25
859,Antonietta,Saint,Antonietta.Saint@yopmail.com,Antonietta.Saint@gmail.com,doctor,34
860,Sharlene,Mayeda,Sharlene.Mayeda@yopmail.com,Sharlene.Mayeda@gmail.com,developer,23
861,Layla,Philipp,Layla.Philipp@yopmail.com,Layla.Philipp@gmail.com,doctor,31
862,Micheline,Olnee,Micheline.Olnee@yopmail.com,Micheline.Olnee@gmail.com,firefighter,33
863,Kassey,Avi,Kassey.Avi@yopmail.com,Kassey.Avi@gmail.com,police officer,29
864,Maryellen,Hedve,Maryellen.Hedve@yopmail.com,Maryellen.Hedve@gmail.com,firefighter,40
865,Tarra,Morehouse,Tarra.Morehouse@yopmail.com,Tarra.Morehouse@gmail.com,firefighter,40
866,Gratia,Alfons,Gratia.Alfons@yopmail.com,Gratia.Alfons@gmail.com,police officer,39
867,Wanda,Ackerley,Wanda.Ackerley@yopmail.com,Wanda.Ackerley@gmail.com,developer,38
868,Netty,Vivle,Netty.Vivle@yopmail.com,Netty.Vivle@gmail.com,worker,22
869,Aeriela,Leler,Aeriela.Leler@yopmail.com,Aeriela.Leler@gmail.com,doctor,38
870,Caressa,Deny,Caressa.Deny@yopmail.com,Caressa.Deny@gmail.com,firefighter,40
871,Joeann,An,Joeann.An@yopmail.com,Joeann.An@gmail.com,firefighter,38
872,Rozele,Plato,Rozele.Plato@yopmail.com,Rozele.Plato@gmail.com,developer,26
873,Chloris,Meli,Chloris.Meli@yopmail.com,Chloris.Meli@gmail.com,police officer,20
874,Ulrike,Garek,Ulrike.Garek@yopmail.com,Ulrike.Garek@gmail.com,developer,24
875,Rori,Libna,Rori.Libna@yopmail.com,Rori.Libna@gmail.com,firefighter,35
876,Madalyn,Even,Madalyn.Even@yopmail.com,Madalyn.Even@gmail.com,doctor,34
877,Ronna,Aurelio,Ronna.Aurelio@yopmail.com,Ronna.Aurelio@gmail.com,developer,24
878,Morganica,Carbo,Morganica.Carbo@yopmail.com,Morganica.Carbo@gmail.com,doctor,35
879,Adele,Buttaro,Adele.Buttaro@yopmail.com,Adele.Buttaro@gmail.com,worker,28
880,Sissy,Chandler,Sissy.Chandler@yopmail.com,Sissy.Chandler@gmail.com,worker,32
881,Tani,Burch,Tani.Burch@yopmail.com,Tani.Burch@gmail.com,developer,34
882,Lizzie,Cleo,Lizzie.Cleo@yopmail.com,Lizzie.Cleo@gmail.com,police officer,24
883,Gerianna,Presber,Gerianna.Presber@yopmail.com,Gerianna.Presber@gmail.com,police officer,32
884,Gwyneth,Chapland,Gwyneth.Chapland@yopmail.com,Gwyneth.Chapland@gmail.com,doctor,25
885,Gusella,Emanuel,Gusella.Emanuel@yopmail.com,Gusella.Emanuel@gmail.com,police officer,33
886,Phylis,Sacken,Phylis.Sacken@yopmail.com,Phylis.Sacken@gmail.com,police officer,35
887,Latisha,Goth,Latisha.Goth@yopmail.com,Latisha.Goth@gmail.com,doctor,38
888,Eolanda,Gilbertson,Eolanda.Gilbertson@yopmail.com,Eolanda.Gilbertson@gmail.com,firefighter,29
889,Evita,Amasa,Evita.Amasa@yopmail.com,Evita.Amasa@gmail.com,worker,27
890,Gratia,Frendel,Gratia.Frendel@yopmail.com,Gratia.Frendel@gmail.com,worker,23
891,Farrah,Nester,Farrah.Nester@yopmail.com,Farrah.Nester@gmail.com,police officer,33
892,Elie,Lorenz,Elie.Lorenz@yopmail.com,Elie.Lorenz@gmail.com,firefighter,40
893,Cherrita,Belanger,Cherrita.Belanger@yopmail.com,Cherrita.Belanger@gmail.com,worker,30
894,Meg,Selway,Meg.Selway@yopmail.com,Meg.Selway@gmail.com,doctor,36
895,Marita,Anton,Marita.Anton@yopmail.com,Marita.Anton@gmail.com,doctor,28
896,Ada,Howlyn,Ada.Howlyn@yopmail.com,Ada.Howlyn@gmail.com,police officer,40
897,Rosabelle,Berriman,Rosabelle.Berriman@yopmail.com,Rosabelle.Berriman@gmail.com,firefighter,21
898,Linzy,Briney,Linzy.Briney@yopmail.com,Linzy.Briney@gmail.com,police officer,31
899,Dawn,Gabrielli,Dawn.Gabrielli@yopmail.com,Dawn.Gabrielli@gmail.com,firefighter,25
900,Sherrie,Wesle,Sherrie.Wesle@yopmail.com,Sherrie.Wesle@gmail.com,worker,28
901,Ivett,Ardeha,Ivett.Ardeha@yopmail.com,Ivett.Ardeha@gmail.com,police officer,38
902,Mary,Marijo,Mary.Marijo@yopmail.com,Mary.Marijo@gmail.com,developer,36
903,Melanie,Jess,Melanie.Jess@yopmail.com,Melanie.Jess@gmail.com,worker,40
904,Lulita,Terrence,Lulita.Terrence@yopmail.com,Lulita.Terrence@gmail.com,police officer,26
905,Kial,Delacourt,Kial.Delacourt@yopmail.com,Kial.Delacourt@gmail.com,police officer,23
906,Dorothy,Jammal,Dorothy.Jammal@yopmail.com,Dorothy.Jammal@gmail.com,doctor,34
907,Roberta,Jobi,Roberta.Jobi@yopmail.com,Roberta.Jobi@gmail.com,developer,37
908,Tersina,Saunderson,Tersina.Saunderson@yopmail.com,Tersina.Saunderson@gmail.com,firefighter,22
909,Sonni,Horan,Sonni.Horan@yopmail.com,Sonni.Horan@gmail.com,police officer,28
910,Shaylyn,Dyche,Shaylyn.Dyche@yopmail.com,Shaylyn.Dyche@gmail.com,police officer,34
911,Zondra,Genna,Zondra.Genna@yopmail.com,Zondra.Genna@gmail.com,firefighter,30
912,Karina,Hanshaw,Karina.Hanshaw@yopmail.com,Karina.Hanshaw@gmail.com,doctor,20
913,Mariele,Ashok,Mariele.Ashok@yopmail.com,Mariele.Ashok@gmail.com,worker,38
914,Trixi,Buffum,Trixi.Buffum@yopmail.com,Trixi.Buffum@gmail.com,doctor,24
915,Malina,Keily,Malina.Keily@yopmail.com,Malina.Keily@gmail.com,firefighter,30
916,Carly,Wareing,Carly.Wareing@yopmail.com,Carly.Wareing@gmail.com,firefighter,33
917,Candy,Giff,Candy.Giff@yopmail.com,Candy.Giff@gmail.com,police officer,35
918,Mamie,Tryck,Mamie.Tryck@yopmail.com,Mamie.Tryck@gmail.com,police officer,23
919,Mahalia,Dorcy,Mahalia.Dorcy@yopmail.com,Mahalia.Dorcy@gmail.com,police officer,22
920,Dolli,Martguerita,Dolli.Martguerita@yopmail.com,Dolli.Martguerita@gmail.com,developer,25
921,Maryellen,Barbey,Maryellen.Barbey@yopmail.com,Maryellen.Barbey@gmail.com,police officer,29
922,Elise,Goode,Elise.Goode@yopmail.com,Elise.Goode@gmail.com,firefighter,22
923,Brana,Armanda,Brana.Armanda@yopmail.com,Brana.Armanda@gmail.com,worker,33
924,Sandie,Cadmar,Sandie.Cadmar@yopmail.com,Sandie.Cadmar@gmail.com,worker,29
925,Sara-Ann,Remmer,Sara-Ann.Remmer@yopmail.com,Sara-Ann.Remmer@gmail.com,worker,39
926,Ann-Marie,Cutlerr,Ann-Marie.Cutlerr@yopmail.com,Ann-Marie.Cutlerr@gmail.com,doctor,30
927,Feliza,Posner,Feliza.Posner@yopmail.com,Feliza.Posner@gmail.com,doctor,33
928,Nadine,Eachern,Nadine.Eachern@yopmail.com,Nadine.Eachern@gmail.com,doctor,38
929,Rosaline,Drisko,Rosaline.Drisko@yopmail.com,Rosaline.Drisko@gmail.com,firefighter,40
930,Deedee,Baptlsta,Deedee.Baptlsta@yopmail.com,Deedee.Baptlsta@gmail.com,developer,23
931,Nickie,Knowling,Nickie.Knowling@yopmail.com,Nickie.Knowling@gmail.com,doctor,21
932,Roseline,Richers,Roseline.Richers@yopmail.com,Roseline.Richers@gmail.com,police officer,20
933,Juliane,Eckblad,Juliane.Eckblad@yopmail.com,Juliane.Eckblad@gmail.com,firefighter,40
934,Raf,Noelyn,Raf.Noelyn@yopmail.com,Raf.Noelyn@gmail.com,developer,23
935,Blondelle,Dearborn,Blondelle.Dearborn@yopmail.com,Blondelle.Dearborn@gmail.com,firefighter,37
936,Lynnea,Hylan,Lynnea.Hylan@yopmail.com,Lynnea.Hylan@gmail.com,worker,29
937,Shannah,Radu,Shannah.Radu@yopmail.com,Shannah.Radu@gmail.com,developer,27
938,Noelle,Cavan,Noelle.Cavan@yopmail.com,Noelle.Cavan@gmail.com,police officer,39
939,Ardenia,Gunn,Ardenia.Gunn@yopmail.com,Ardenia.Gunn@gmail.com,developer,31
940,Morganica,Hailee,Morganica.Hailee@yopmail.com,Morganica.Hailee@gmail.com,developer,20
941,Pollyanna,Pillsbury,Pollyanna.Pillsbury@yopmail.com,Pollyanna.Pillsbury@gmail.com,firefighter,33
942,Vevay,Ailyn,Vevay.Ailyn@yopmail.com,Vevay.Ailyn@gmail.com,worker,25
943,Carilyn,Jeanne,Carilyn.Jeanne@yopmail.com,Carilyn.Jeanne@gmail.com,worker,34
944,Ayn,Roche,Ayn.Roche@yopmail.com,Ayn.Roche@gmail.com,police officer,33
945,Ricky,Pattin,Ricky.Pattin@yopmail.com,Ricky.Pattin@gmail.com,doctor,34
946,Ingrid,Avi,Ingrid.Avi@yopmail.com,Ingrid.Avi@gmail.com,firefighter,27
947,Lita,Honoria,Lita.Honoria@yopmail.com,Lita.Honoria@gmail.com,developer,32
948,Helsa,Wooster,Helsa.Wooster@yopmail.com,Helsa.Wooster@gmail.com,firefighter,30
949,Janis,Gavrila,Janis.Gavrila@yopmail.com,Janis.Gavrila@gmail.com,developer,31
950,Willetta,Jehu,Willetta.Jehu@yopmail.com,Willetta.Jehu@gmail.com,worker,38
951,Livvyy,Haldas,Livvyy.Haldas@yopmail.com,Livvyy.Haldas@gmail.com,police officer,30
952,Nerta,Woodberry,Nerta.Woodberry@yopmail.com,Nerta.Woodberry@gmail.com,doctor,20
953,Elena,Niccolo,Elena.Niccolo@yopmail.com,Elena.Niccolo@gmail.com,firefighter,32
954,Lyssa,Bates,Lyssa.Bates@yopmail.com,Lyssa.Bates@gmail.com,firefighter,20
955,Lexine,Hessler,Lexine.Hessler@yopmail.com,Lexine.Hessler@gmail.com,worker,23
956,Mady,Etom,Mady.Etom@yopmail.com,Mady.Etom@gmail.com,doctor,34
957,Sonni,Eldrid,Sonni.Eldrid@yopmail.com,Sonni.Eldrid@gmail.com,firefighter,30
958,Tani,Linskey,Tani.Linskey@yopmail.com,Tani.Linskey@gmail.com,police officer,36
959,Modestia,Artie,Modestia.Artie@yopmail.com,Modestia.Artie@gmail.com,firefighter,35
960,Aili,Gillan,Aili.Gillan@yopmail.com,Aili.Gillan@gmail.com,developer,20
961,Karina,Clarissa,Karina.Clarissa@yopmail.com,Karina.Clarissa@gmail.com,doctor,35
962,Eve,Sherrie,Eve.Sherrie@yopmail.com,Eve.Sherrie@gmail.com,worker,37
963,Eve,Charity,Eve.Charity@yopmail.com,Eve.Charity@gmail.com,developer,27
964,Clary,Loeb,Clary.Loeb@yopmail.com,Clary.Loeb@gmail.com,firefighter,22
965,Maisey,Haldas,Maisey.Haldas@yopmail.com,Maisey.Haldas@gmail.com,firefighter,40
966,Belva,Martguerita,Belva.Martguerita@yopmail.com,Belva.Martguerita@gmail.com,police officer,39
967,Elsie,Reinke,Elsie.Reinke@yopmail.com,Elsie.Reinke@gmail.com,developer,31
968,Carilyn,Rudolph,Carilyn.Rudolph@yopmail.com,Carilyn.Rudolph@gmail.com,doctor,38
969,Tomasina,Poppy,Tomasina.Poppy@yopmail.com,Tomasina.Poppy@gmail.com,doctor,25
970,Candi,Drus,Candi.Drus@yopmail.com,Candi.Drus@gmail.com,doctor,39
971,Joleen,Muriel,Joleen.Muriel@yopmail.com,Joleen.Muriel@gmail.com,worker,34
972,Caressa,Annabella,Caressa.Annabella@yopmail.com,Caressa.Annabella@gmail.com,developer,31
973,Riannon,Uund,Riannon.Uund@yopmail.com,Riannon.Uund@gmail.com,doctor,40
974,Dianemarie,Gillan,Dianemarie.Gillan@yopmail.com,Dianemarie.Gillan@gmail.com,developer,38
975,Ketti,Schonfeld,Ketti.Schonfeld@yopmail.com,Ketti.Schonfeld@gmail.com,police officer,22
976,Violet,Lory,Violet.Lory@yopmail.com,Violet.Lory@gmail.com,developer,33
977,June,Gunn,June.Gunn@yopmail.com,June.Gunn@gmail.com,police officer,25
978,Laurene,Florina,Laurene.Florina@yopmail.com,Laurene.Florina@gmail.com,worker,37
979,Adore,Gert,Adore.Gert@yopmail.com,Adore.Gert@gmail.com,police officer,25
980,Natka,Havens,Natka.Havens@yopmail.com,Natka.Havens@gmail.com,firefighter,23
981,Merci,Revkah,Merci.Revkah@yopmail.com,Merci.Revkah@gmail.com,developer,34
982,Dania,Chick,Dania.Chick@yopmail.com,Dania.Chick@gmail.com,firefighter,27
983,Vanessa,Rillings,Vanessa.Rillings@yopmail.com,Vanessa.Rillings@gmail.com,firefighter,26
984,Ada,Zaslow,Ada.Zaslow@yopmail.com,Ada.Zaslow@gmail.com,firefighter,39
985,Harmonia,Lucienne,Harmonia.Lucienne@yopmail.com,Harmonia.Lucienne@gmail.com,developer,33
986,Bernie,Ranjiv,Bernie.Ranjiv@yopmail.com,Bernie.Ranjiv@gmail.com,police officer,27
987,Mara,Blase,Mara.Blase@yopmail.com,Mara.Blase@gmail.com,developer,24
988,Fred,Prober,Fred.Prober@yopmail.com,Fred.Prober@gmail.com,firefighter,26
989,Joane,Means,Joane.Means@yopmail.com,Joane.Means@gmail.com,worker,39
990,Linzy,Dichy,Linzy.Dichy@yopmail.com,Linzy.Dichy@gmail.com,doctor,38
991,Reeba,Behre,Reeba.Behre@yopmail.com,Reeba.Behre@gmail.com,doctor,37
992,Nelle,Pillsbury,Nelle.Pillsbury@yopmail.com,Nelle.Pillsbury@gmail.com,firefighter,38
993,Candi,Darbie,Candi.Darbie@yopmail.com,Candi.Darbie@gmail.com,doctor,27
994,Philis,Cleo,Philis.Cleo@yopmail.com,Philis.Cleo@gmail.com,developer,27
995,Tamqrah,Cressida,Tamqrah.Cressida@yopmail.com,Tamqrah.Cressida@gmail.com,doctor,38
996,Devina,Maisey,Devina.Maisey@yopmail.com,Devina.Maisey@gmail.com,doctor,35
997,Jemie,Raffo,Jemie.Raffo@yopmail.com,Jemie.Raffo@gmail.com,developer,30
998,Katleen,Decato,Katleen.Decato@yopmail.com,Katleen.Decato@gmail.com,doctor,34
999,Ashlee,Bergman,Ashlee.Bergman@yopmail.com,Ashlee.Bergman@gmail.com,developer,20