id,firstname,lastname,email1,email2,profession
25,Jenilee,Martguerita,Jenilee.Martguerita@mail.com,Jenilee.Martguerita@gmail.com,police officer
26,Carmencita,Carey,Carmencita.Carey@mail.com,Carmencita.Carey@gmail.com,web_developer
27,Drucie,Buffum,Drucie.Buffum@mail.com,Drucie.Buffum@gmail.com,web_developer
28,Merci,Shaver,Merci.Shaver@mail.com,Merci.Shaver@gmail.com,web_developer
29,Giustina,Mathilde,Giustina.Mathilde@mail.com,Giustina.Mathilde@gmail.com,developer
30,Libbie,Brodench,Libbie.Brodench@mail.com,Libbie.Brodench@gmail.com,police officer
31,Ginnie,Greenwald,Ginnie.Greenwald@mail.com,Ginnie.Greenwald@gmail.com,police officer
32,Nelle,Burkle,Nelle.Burkle@mail.com,Nelle.Burkle@gmail.com,police officer
33,Andree,Calhoun,Andree.Calhoun@mail.com,Andree.Calhoun@gmail.com,police officer
34,Binny,Mallon,Binny.Mallon@mail.com,Binny.Mallon@gmail.com,worker
35,Valeda,Douglass,Valeda.Douglass@mail.com,Valeda.Douglass@gmail.com,web_developer
36,Sibella,Chinua,Sibella.Chinua@mail.com,Sibella.Chinua@gmail.com,web_developer
37,Andree,Adlare,Andree.Adlare@mail.com,Andree.Adlare@gmail.com,police officer
38,Christy,Parette,Christy.Parette@mail.com,Christy.Parette@gmail.com,developer
39,Agathe,August,Agathe.August@mail.com,Agathe.August@gmail.com,worker
40,Shell,Chinua,Shell.Chinua@mail.com,Shell.Chinua@gmail.com,web_developer
41,Janey,Sherfield,Janey.Sherfield@mail.com,Janey.Sherfield@gmail.com,worker
42,Nyssa,Sadowski,Nyssa.Sadowski@mail.com,Nyssa.Sadowski@gmail.com,developer
43,Vevay,Elisha,Vevay.Elisha@mail.com,Vevay.Elisha@gmail.com,worker
44,Jorry,Garrison,Jorry.Garrison@mail.com,Jorry.Garrison@gmail.com,police officer
45,Katleen,Ferino,Katleen.Ferino@mail.com,Katleen.Ferino@gmail.com,police officer
46,Celestyna,Ioab,Celestyna.Ioab@mail.com,Celestyna.Ioab@gmail.com,web_developer
47,Aimil,Dichy,Aimil.Dichy@mail.com,Aimil.Dichy@gmail.com,worker
48,Maridel,Jethro,Maridel.Jethro@mail.com,Maridel.Jethro@gmail.com,police officer
49,Cassandra,Saree,Cassandra.Saree@mail.com,Cassandra.Saree@gmail.com,police officer
50,Sherrie,Fairweather,Sherrie.Fairweather@mail.com,Sherrie.Fairweather@gmail.com,developer
51,Gwenneth,Phyllis,Gwenneth.Phyllis@mail.com,Gwenneth.Phyllis@gmail.com,police officer
52,Bee,Alrich,Bee.Alrich@mail.com,Bee.Alrich@gmail.com,police officer
53,Marguerite,Zeeba,Marguerite.Zeeba@mail.com,Marguerite.Zeeba@gmail.com,web_developer
54,Orelia,Standing,Orelia.Standing@mail.com,Orelia.Standing@gmail.com,police officer
55,Sonni,Greyson,Sonni.Greyson@mail.com,Sonni.Greyson@gmail.com,web_developer
56,Cordi,Lacombe,Cordi.Lacombe@mail.com,Cordi.Lacombe@gmail.com,developer
57,Gisela,Baptlsta,Gisela.Baptlsta@mail.com,Gisela.Baptlsta@gmail.com,worker
58,Debee,Suk,Debee.Suk@mail.com,Debee.Suk@gmail.com,developer
59,Merci,Gemini,Merci.Gemini@mail.com,Merci.Gemini@gmail.com,worker
60,Florie,Stephie,Florie.Stephie@mail.com,Florie.Stephie@gmail.com,web_developer
61,Tiffie,Konyn,Tiffie.Konyn@mail.com,Tiffie.Konyn@gmail.com,developer
62,Leontine,Rooney,Leontine.Rooney@mail.com,Leontine.Rooney@gmail.com,worker
63,Annecorinne,Allina,Annecorinne.Allina@mail.com,Annecorinne.Allina@gmail.com,developer
64,Perry,Zachary,Perry.Zachary@mail.com,Perry.Zachary@gmail.com,developer
65,Helsa,Wandie,Helsa.Wandie@mail.com,Helsa.Wandie@gmail.com,developer
66,Cam,Suanne,Cam.Suanne@mail.com,Cam.Suanne@gmail.com,worker
67,Kirbee,Luhe,Kirbee.Luhe@mail.com,Kirbee.Luhe@gmail.com,worker
68,Jenilee,Love,Jenilee.Love@mail.com,Jenilee.Love@gmail.com,web_developer
69,Kirbee,Devlen,Kirbee.Devlen@mail.com,Kirbee.Devlen@gmail.com,web_developer
70,Britte,Aida,Britte.Aida@mail.com,Britte.Aida@gmail.com,police officer
71,Barbara,Douglass,Barbara.Douglass@mail.com,Barbara.Douglass@gmail.com,worker
72,Chandra,Therine,Chandra.Therine@mail.com,Chandra.Therine@gmail.com,web_developer
73,Brena,Prober,Brena.Prober@mail.com,Brena.Prober@gmail.com,web_developer
74,Jobi,Halsey,Jobi.Halsey@mail.com,Jobi.Halsey@gmail.com,web_developer
75,Maye,Brieta,Maye.Brieta@mail.com,Maye.Brieta@gmail.com,police officer
76,Alleen,Lenny,Alleen.Lenny@mail.com,Alleen.Lenny@gmail.com,web_developer
77,Shell,Eachern,Shell.Eachern@mail.com,Shell.Eachern@gmail.com,web_developer
78,Blake,Philipp,Blake.Philipp@mail.com,Blake.Philipp@gmail.com,developer
79,Regina,Riva,Regina.Riva@mail.com,Regina.Riva@gmail.com,web_developer
80,Cecile,Maples,Cecile.Maples@mail.com,Cecile.Maples@gmail.com,police officer
81,Gusella,Halsey,Gusella.Halsey@mail.com,Gusella.Halsey@gmail.com,police officer
82,Felice,Moseley,Felice.Moseley@mail.com,Felice.Moseley@gmail.com,police officer
83,Ekaterina,Trace,Ekaterina.Trace@mail.com,Ekaterina.Trace@gmail.com,web_developer
84,Mellicent,Mott,Mellicent.Mott@mail.com,Mellicent.Mott@gmail.com,web_developer
85,Flo,Lamoree,Flo.Lamoree@mail.com,Flo.Lamoree@gmail.com,worker
86,Mary,Brunell,Mary.Brunell@mail.com,Mary.Brunell@gmail.com,developer
87,Mignon,Thema,Mignon.Thema@mail.com,Mignon.Thema@gmail.com,worker
88,Myriam,Keily,Myriam.Keily@mail.com,Myriam.Keily@gmail.com,police officer
89,Sibella,Ogren,Sibella.Ogren@mail.com,Sibella.Ogren@gmail.com,police officer
90,Constance,Gwenore,Constance.Gwenore@mail.com,Constance.Gwenore@gmail.com,worker
91,Christian,Ciapas,Christian.Ciapas@mail.com,Christian.Ciapas@gmail.com,developer
92,Hermione,Fadiman,Hermione.Fadiman@mail.com,Hermione.Fadiman@gmail.com,web_developer
93,Beverley,Gwenore,Beverley.Gwenore@mail.com,Beverley.Gwenore@gmail.com,web_developer
94,Janis,Medrek,Janis.Medrek@mail.com,Janis.Medrek@gmail.com,worker
95,Jackie,Zeeba,Jackie.Zeeba@mail.com,Jackie.Zeeba@gmail.com,police officer
96,Vevay,Christal,Vevay.Christal@mail.com,Vevay.Christal@gmail.com,police officer
97,Aurelie,Lindemann,Aurelie.Lindemann@mail.com,Aurelie.Lindemann@gmail.com,worker
98,Leontine,Vastah,Leontine.Vastah@mail.com,Leontine.Vastah@gmail.com,developer
99,Atlanta,Agle,Atlanta.Agle@mail.com,Atlanta.Agle@gmail.com,worker
100,Tracey,Gale,Tracey.Gale@mail.com,Tracey.Gale@gmail.com,web_developer
101,Chloris,Schwejda,Chloris.Schwejda@mail.com,Chloris.Schwejda@gmail.com,worker
102,Emelina,Boehike,Emelina.Boehike@mail.com,Emelina.Boehike@gmail.com,worker
103,Suzette,Berriman,Suzette.Berriman@mail.com,Suzette.Berriman@gmail.com,web_developer
104,Joane,Simmonds,Joane.Simmonds@mail.com,Joane.Simmonds@gmail.com,developer
105,Vinita,Cottle,Vinita.Cottle@mail.com,Vinita.Cottle@gmail.com,police officer
106,Vita,Bahr,Vita.Bahr@mail.com,Vita.Bahr@gmail.com,developer
107,Ethel,Wareing,Ethel.Wareing@mail.com,Ethel.Wareing@gmail.com,worker
108,Leia,Pelagias,Leia.Pelagias@mail.com,Leia.Pelagias@gmail.com,web_developer
109,Yetty,Natalia,Yetty.Natalia@mail.com,Yetty.Natalia@gmail.com,web_developer
110,Delilah,Vernier,Delilah.Vernier@mail.com,Delilah.Vernier@gmail.com,web_developer
111,Lilith,Fennessy,Lilith.Fennessy@mail.com,Lilith.Fennessy@gmail.com,worker
112,Gwenneth,Faro,Gwenneth.Faro@mail.com,Gwenneth.Faro@gmail.com,worker
113,Tami,Alcott,Tami.Alcott@mail.com,Tami.Alcott@gmail.com,developer
114,Randa,Mallon,Randa.Mallon@mail.com,Randa.Mallon@gmail.com,developer
115,Ann-Marie,Nea,Ann-Marie.Nea@mail.com,Ann-Marie.Nea@gmail.com,developer
116,Sadie,Lorenz,Sadie.Lorenz@mail.com,Sadie.Lorenz@gmail.com,developer
117,Meriel,Septima,Meriel.Septima@mail.com,Meriel.Septima@gmail.com,police officer
118,Tierney,Edee,Tierney.Edee@mail.com,Tierney.Edee@gmail.com,developer
119,Mamie,Lattie,Mamie.Lattie@mail.com,Mamie.Lattie@gmail.com,web_developer
120,Rhoda,Corabella,Rhoda.Corabella@mail.com,Rhoda.Corabella@gmail.com,web_developer
121,Frieda,Plato,Frieda.Plato@mail.com,Frieda.Plato@gmail.com,worker
122,Rivalee,Simmonds,Rivalee.Simmonds@mail.com,Rivalee.Simmonds@gmail.com,worker
123,Maisey,Ietta,Maisey.Ietta@mail.com,Maisey.Ietta@gmail.com,police officer
124,Ricky,Elvyn,Ricky.Elvyn@mail.com,Ricky.Elvyn@gmail.com,worker
125,Ada,Gibbeon,Ada.Gibbeon@mail.com,Ada.Gibbeon@gmail.com,web_developer
126,Layla,Darbie,Layla.Darbie@mail.com,Layla.Darbie@gmail.com,police officer
127,Morganica,Duwalt,Morganica.Duwalt@mail.com,Morganica.Duwalt@gmail.com,worker
128,Lynde,Pelagias,Lynde.Pelagias@mail.com,Lynde.Pelagias@gmail.com,web_developer
129,Shannah,Harday,Shannah.Harday@mail.com,Shannah.Harday@gmail.com,worker
130,Leanna,Rese,Leanna.Rese@mail.com,Leanna.Rese@gmail.com,web_developer
131,Gusty,Nisbet,Gusty.Nisbet@mail.com,Gusty.Nisbet@gmail.com,police officer
132,Orsola,Belanger,Orsola.Belanger@mail.com,Orsola.Belanger@gmail.com,police officer
133,Paola,Donell,Paola.Donell@mail.com,Paola.Donell@gmail.com,police officer
134,Madelle,Karylin,Madelle.Karylin@mail.com,Madelle.Karylin@gmail.com,developer
135,Silvana,Grimbly,Silvana.Grimbly@mail.com,Silvana.Grimbly@gmail.com,web_developer
136,Lynea,Halla,Lynea.Halla@mail.com,Lynea.Halla@gmail.com,developer
137,Lilith,Noam,Lilith.Noam@mail.com,Lilith.Noam@gmail.com,police officer
138,Lynea,Tybald,Lynea.Tybald@mail.com,Lynea.Tybald@gmail.com,developer
139,Tamqrah,Sherrie,Tamqrah.Sherrie@mail.com,Tamqrah.Sherrie@gmail.com,worker
140,Perry,Wallis,Perry.Wallis@mail.com,Perry.Wallis@gmail.com,web_developer
141,Tarra,Alarise,Tarra.Alarise@mail.com,Tarra.Alarise@gmail.com,police officer
142,Damaris,Madaih,Damaris.Madaih@mail.com,Damaris.Madaih@gmail.com,web_developer
143,Kittie,Ummersen,Kittie.Ummersen@mail.com,Kittie.Ummersen@gmail.com,police officer
144,Anica,Konyn,Anica.Konyn@mail.com,Anica.Konyn@gmail.com,developer
145,Mureil,Leopold,Mureil.Leopold@mail.com,Mureil.Leopold@gmail.com,developer
146,Lesly,Bebe,Lesly.Bebe@mail.com,Lesly.Bebe@gmail.com,worker
147,Claudina,Ferrell,Claudina.Ferrell@mail.com,Claudina.Ferrell@gmail.com,developer
148,Arabel,Bohlin,Arabel.Bohlin@mail.com,Arabel.Bohlin@gmail.com,police officer
149,Kore,Yerkovich,Kore.Yerkovich@mail.com,Kore.Yerkovich@gmail.com,police officer
150,Rosene,Marcellus,Rosene.Marcellus@mail.com,Rosene.Marcellus@gmail.com,worker
151,Loree,Schroth,Loree.Schroth@mail.com,Loree.Schroth@gmail.com,worker
152,Willetta,Morgun,Willetta.Morgun@mail.com,Willetta.Morgun@gmail.com,developer
153,Tiffie,Etom,Tiffie.Etom@mail.com,Tiffie.Etom@gmail.com,worker
154,Kamilah,Harday,Kamilah.Harday@mail.com,Kamilah.Harday@gmail.com,web_developer
155,Kristina,Stover,Kristina.Stover@mail.com,Kristina.Stover@gmail.com,web_developer
156,Ayn,Ahab,Ayn.Ahab@mail.com,Ayn.Ahab@gmail.com,police officer
157,Ericka,Tillford,Ericka.Tillford@mail.com,Ericka.Tillford@gmail.com,worker
158,Diena,Mathilde,Diena.Mathilde@mail.com,Diena.Mathilde@gmail.com,police officer
159,Meghann,Alexandr,Meghann.Alexandr@mail.com,Meghann.Alexandr@gmail.com,worker
160,Carly,Plato,Carly.Plato@mail.com,Carly.Plato@gmail.com,police officer
161,Hildegaard,Eben,Hildegaard.Eben@mail.com,Hildegaard.Eben@gmail.com,web_developer
162,Morganica,O'Rourke,Morganica.O'Rourke@mail.com,Morganica.O'Rourke@gmail.com,police officer
163,Adele,Jacinda,Adele.Jacinda@mail.com,Adele.Jacinda@gmail.com,web_developer
164,Dulce,Audly,Dulce.Audly@mail.com,Dulce.Audly@gmail.com,web_developer
165,Calla,Candy,Calla.Candy@mail.com,Calla.Candy@gmail.com,worker
166,Calla,Gaal,Calla.Gaal@mail.com,Calla.Gaal@gmail.com,developer
167,Sue,Tacye,Sue.Tacye@mail.com,Sue.Tacye@gmail.com,worker
168,Gerianna,Dituri,Gerianna.Dituri@mail.com,Gerianna.Dituri@gmail.com,worker
169,Dede,Pip,Dede.Pip@mail.com,Dede.Pip@gmail.com,police officer
170,Catrina,Brittani,Catrina.Brittani@mail.com,Catrina.Brittani@gmail.com,web_developer
171,Libbie,Fax,Libbie.Fax@mail.com,Libbie.Fax@gmail.com,web_developer
172,Ketti,Genna,Ketti.Genna@mail.com,Ketti.Genna@gmail.com,worker
173,Sashenka,Allare,Sashenka.Allare@mail.com,Sashenka.Allare@gmail.com,developer
174,Dulcinea,Abbot,Dulcinea.Abbot@mail.com,Dulcinea.Abbot@gmail.com,police officer
175,Chere,Montgomery,Chere.Montgomery@mail.com,Chere.Montgomery@gmail.com,developer
176,Libbie,Braun,Libbie.Braun@mail.com,Libbie.Braun@gmail.com,worker
177,Willetta,Leary,Willetta.Leary@mail.com,Willetta.Leary@gmail.com,police officer
178,Annabela,Rona,Annabela.Rona@mail.com,Annabela.Rona@gmail.com,web_developer
179,Lisette,Dunkin,Lisette.Dunkin@mail.com,Lisette.Dunkin@gmail.com,police officer
180,Luci,Paine,Luci.Paine@mail.com,Luci.Paine@gmail.com,web_developer
181,Bobbi,Blisse,Bobbi.Blisse@mail.com,Bobbi.Blisse@gmail.com,worker
182,Alisha,Milde,Alisha.Milde@mail.com,Alisha.Milde@gmail.com,developer
183,Nadine,Melan,Nadine.Melan@mail.com,Nadine.Melan@gmail.com,web_developer
184,Camile,Ailyn,Camile.Ailyn@mail.com,Camile.Ailyn@gmail.com,developer
185,Tomasina,Carmena,Tomasina.Carmena@mail.com,Tomasina.Carmena@gmail.com,worker
186,Dorice,Kristi,Dorice.Kristi@mail.com,Dorice.Kristi@gmail.com,police officer
187,Glynnis,Hirsch,Glynnis.Hirsch@mail.com,Glynnis.Hirsch@gmail.com,worker
188,Althea,Thomasina,Althea.Thomasina@mail.com,Althea.Thomasina@gmail.com,web_developer
189,Cacilie,Isacco,Cacilie.Isacco@mail.com,Cacilie.Isacco@gmail.com,police officer
190,Marjie,Hortensia,Marjie.Hortensia@mail.com,Marjie.Hortensia@gmail.com,web_developer
191,Andeee,Thornburg,Andeee.Thornburg@mail.com,Andeee.Thornburg@gmail.com,worker
192,Jacenta,Rhu,Jacenta.Rhu@mail.com,Jacenta.Rhu@gmail.com,worker
193,Andeee,Yam,Andeee.Yam@mail.com,Andeee.Yam@gmail.com,web_developer
194,Emelina,Nester,Emelina.Nester@mail.com,Emelina.Nester@gmail.com,developer
195,Brena,Boehike,Brena.Boehike@mail.com,Brena.Boehike@gmail.com,developer
196,Althea,Heidt,Althea.Heidt@mail.com,Althea.Heidt@gmail.com,web_developer
197,Arlina,Gillan,Arlina.Gillan@mail.com,Arlina.Gillan@gmail.com,police officer
198,Raf,Alrich,Raf.Alrich@mail.com,Raf.Alrich@gmail.com,developer
199,Emmey,Bahr,Emmey.Bahr@mail.com,Emmey.Bahr@gmail.com,developer
200,Patricia,Bearnard,Patricia.Bearnard@mail.com,Patricia.Bearnard@gmail.com,web_developer
201,Celene,Buffum,Celene.Buffum@mail.com,Celene.Buffum@gmail.com,developer
202,Britni,Kosey,Britni.Kosey@mail.com,Britni.Kosey@gmail.com,developer
203,Blondelle,Macey,Blondelle.Macey@mail.com,Blondelle.Macey@gmail.com,developer
204,Blake,Bashemeth,Blake.Bashemeth@mail.com,Blake.Bashemeth@gmail.com,police officer
205,Margette,Madox,Margette.Madox@mail.com,Margette.Madox@gmail.com,web_developer
206,Averyl,Tristram,Averyl.Tristram@mail.com,Averyl.Tristram@gmail.com,police officer
207,Krystle,Deegan,Krystle.Deegan@mail.com,Krystle.Deegan@gmail.com,web_developer
208,Althea,Lucienne,Althea.Lucienne@mail.com,Althea.Lucienne@gmail.com,worker
209,Lusa,Anastatius,Lusa.Anastatius@mail.com,Lusa.Anastatius@gmail.com,web_developer
210,Nessie,Chauncey,Nessie.Chauncey@mail.com,Nessie.Chauncey@gmail.com,police officer
211,Brianna,Fancie,Brianna.Fancie@mail.com,Brianna.Fancie@gmail.com,developer
212,Jaime,Zrike,Jaime.Zrike@mail.com,Jaime.Zrike@gmail.com,developer
213,Eadie,Giule,Eadie.Giule@mail.com,Eadie.Giule@gmail.com,web_developer
214,Gavrielle,Peti,Gavrielle.Peti@mail.com,Gavrielle.Peti@gmail.com,developer
215,Wilma,Faso,Wilma.Faso@mail.com,Wilma.Faso@gmail.com,developer
216,Rubie,Hebner,Rubie.Hebner@mail.com,Rubie.Hebner@gmail.com,developer
217,Mariann,Deegan,Mariann.Deegan@mail.com,Mariann.Deegan@gmail.com,web_developer
218,Rhea,Raimondo,Rhea.Raimondo@mail.com,Rhea.Raimondo@gmail.com,police officer
219,Merry,Kendrick,Merry.Kendrick@mail.com,Merry.Kendrick@gmail.com,developer
220,Pamella,Kat,Pamella.Kat@mail.com,Pamella.Kat@gmail.com,police officer
221,Camile,Cassius,Camile.Cassius@mail.com,Camile.Cassius@gmail.com,web_developer
222,Lizzie,Bonilla,Lizzie.Bonilla@mail.com,Lizzie.Bonilla@gmail.com,worker
223,Peri,Harned,Peri.Harned@mail.com,Peri.Harned@gmail.com,worker
224,Stacey,Waldron,Stacey.Waldron@mail.com,Stacey.Waldron@gmail.com,web_developer
225,Priscilla,Jammal,Priscilla.Jammal@mail.com,Priscilla.Jammal@gmail.com,police officer
226,Ardys,Colleen,Ardys.Colleen@mail.com,Ardys.Colleen@gmail.com,web_developer
227,Kellen,Modie,Kellen.Modie@mail.com,Kellen.Modie@gmail.com,police officer
228,Selia,Euridice,Selia.Euridice@mail.com,Selia.Euridice@gmail.com,police officer
229,Halette,Elbertina,Halette.Elbertina@mail.com,Halette.Elbertina@gmail.com,web_developer
230,Hyacinthe,Brieta,Hyacinthe.Brieta@mail.com,Hyacinthe.Brieta@gmail.com,police officer
231,Ilse,Wandie,Ilse.Wandie@mail.com,Ilse.Wandie@gmail.com,web_developer
232,Elbertina,Auberbach,Elbertina.Auberbach@mail.com,Elbertina.Auberbach@gmail.com,developer
233,Tabbatha,Erskine,Tabbatha.Erskine@mail.com,Tabbatha.Erskine@gmail.com,developer
234,Sarette,Modie,Sarette.Modie@mail.com,Sarette.Modie@gmail.com,developer
235,Rochette,Loeb,Rochette.Loeb@mail.com,Rochette.Loeb@gmail.com,developer
236,Imojean,Ade,Imojean.Ade@mail.com,Imojean.Ade@gmail.com,police officer
237,Winny,Ashely,Winny.Ashely@mail.com,Winny.Ashely@gmail.com,developer
238,Ruthe,Westphal,Ruthe.Westphal@mail.com,Ruthe.Westphal@gmail.com,web_developer
239,Amalie,Croix,Amalie.Croix@mail.com,Amalie.Croix@gmail.com,developer
240,Jordan,Parette,Jordan.Parette@mail.com,Jordan.Parette@gmail.com,developer
241,Kenna,Colleen,Kenna.Colleen@mail.com,Kenna.Colleen@gmail.com,police officer
242,Robbi,Quinn,Robbi.Quinn@mail.com,Robbi.Quinn@gmail.com,web_developer
243,Sybille,Oster,Sybille.Oster@mail.com,Sybille.Oster@gmail.com,web_developer
244,Candy,Bates,Candy.Bates@mail.com,Candy.Bates@gmail.com,police officer
245,Gertrud,Larochelle,Gertrud.Larochelle@mail.com,Gertrud.Larochelle@gmail.com,police officer
246,Luci,Middleton,Luci.Middleton@mail.com,Luci.Middleton@gmail.com,police officer
247,Wendi,Hanshaw,Wendi.Hanshaw@mail.com,Wendi.Hanshaw@gmail.com,developer
248,Estell,Johnsson,Estell.Johnsson@mail.com,Estell.Johnsson@gmail.com,developer
249,Trudie,Travax,Trudie.Travax@mail.com,Trudie.Travax@gmail.com,developer
250,Ida,Nickola,Ida.Nickola@mail.com,Ida.Nickola@gmail.com,police officer
251,Nickie,Harned,Nickie.Harned@mail.com,Nickie.Harned@gmail.com,police officer
252,Lexine,Elo,Lexine.Elo@mail.com,Lexine.Elo@gmail.com,worker
253,Nerta,Reinke,Nerta.Reinke@mail.com,Nerta.Reinke@gmail.com,developer
254,Dede,Toni,Dede.Toni@mail.com,Dede.Toni@gmail.com,developer
255,Regina,Jethro,Regina.Jethro@mail.com,Regina.Jethro@gmail.com,web_developer
256,Regina,Arne,Regina.Arne@mail.com,Regina.Arne@gmail.com,worker
257,Consuela,Alcott,Consuela.Alcott@mail.com,Consuela.Alcott@gmail.com,worker
258,Madelle,Hortensia,Madelle.Hortensia@mail.com,Madelle.Hortensia@gmail.com,police officer
259,Gavrielle,Hashim,Gavrielle.Hashim@mail.com,Gavrielle.Hashim@gmail.com,worker
260,Lusa,Arne,Lusa.Arne@mail.com,Lusa.Arne@gmail.com,worker
261,Renie,Tybald,Renie.Tybald@mail.com,Renie.Tybald@gmail.com,web_developer
262,Mary,Nikaniki,Mary.Nikaniki@mail.com,Mary.Nikaniki@gmail.com,police officer
263,Lisette,Penelopa,Lisette.Penelopa@mail.com,Lisette.Penelopa@gmail.com,police officer
264,Morganica,Ax,Morganica.Ax@mail.com,Morganica.Ax@gmail.com,developer
265,Jillayne,Ralfston,Jillayne.Ralfston@mail.com,Jillayne.Ralfston@gmail.com,police officer
266,Lizzie,Doig,Lizzie.Doig@mail.com,Lizzie.Doig@gmail.com,worker
267,Vanessa,Candy,Vanessa.Candy@mail.com,Vanessa.Candy@gmail.com,developer
268,Penelopa,Anyah,Penelopa.Anyah@mail.com,Penelopa.Anyah@gmail.com,worker
269,Valeda,Sinegold,Valeda.Sinegold@mail.com,Valeda.Sinegold@gmail.com,police officer
270,Alex,Jammal,Alex.Jammal@mail.com,Alex.Jammal@gmail.com,web_developer
271,Fred,Connelly,Fred.Connelly@mail.com,Fred.Connelly@gmail.com,police officer
272,Michaelina,Faso,Michaelina.Faso@mail.com,Michaelina.Faso@gmail.com,developer
273,Ayn,Maisey,Ayn.Maisey@mail.com,Ayn.Maisey@gmail.com,worker
274,Janenna,Kaete,Janenna.Kaete@mail.com,Janenna.Kaete@gmail.com,web_developer
275,Pollyanna,Sibyls,Pollyanna.Sibyls@mail.com,Pollyanna.Sibyls@gmail.com,police officer
276,Mallory,Hedve,Mallory.Hedve@mail.com,Mallory.Hedve@gmail.com,developer
277,Cyb,Sawtelle,Cyb.Sawtelle@mail.com,Cyb.Sawtelle@gmail.com,worker
278,Dale,Heisel,Dale.Heisel@mail.com,Dale.Heisel@gmail.com,police officer
279,Ana,Vharat,Ana.Vharat@mail.com,Ana.Vharat@gmail.com,developer
280,Dianemarie,Jillane,Dianemarie.Jillane@mail.com,Dianemarie.Jillane@gmail.com,police officer
281,June,Ogren,June.Ogren@mail.com,June.Ogren@gmail.com,police officer
282,Natka,Malina,Natka.Malina@mail.com,Natka.Malina@gmail.com,web_developer
283,Chere,Brandice,Chere.Brandice@mail.com,Chere.Brandice@gmail.com,developer
284,Oona,Anselmi,Oona.Anselmi@mail.com,Oona.Anselmi@gmail.com,web_developer
285,Lesly,Keily,Lesly.Keily@mail.com,Lesly.Keily@gmail.com,worker
286,Ethel,Jehu,Ethel.Jehu@mail.com,Ethel.Jehu@gmail.com,developer
287,Dari,Howlyn,Dari.Howlyn@mail.com,Dari.Howlyn@gmail.com,web_developer
288,Shel,Loeb,Shel.Loeb@mail.com,Shel.Loeb@gmail.com,police officer
289,Laure,Ochs,Laure.Ochs@mail.com,Laure.Ochs@gmail.com,developer
290,Angelique,Kelula,Angelique.Kelula@mail.com,Angelique.Kelula@gmail.com,worker
291,Sibella,Infield,Sibella.Infield@mail.com,Sibella.Infield@gmail.com,developer
292,Gusella,Lasley,Gusella.Lasley@mail.com,Gusella.Lasley@gmail.com,developer
293,Eolanda,Emerson,Eolanda.Emerson@mail.com,Eolanda.Emerson@gmail.com,police officer
294,Ethel,Stelle,Ethel.Stelle@mail.com,Ethel.Stelle@gmail.com,police officer
295,Danny,Fiester,Danny.Fiester@mail.com,Danny.Fiester@gmail.com,developer
296,Merle,Cimbura,Merle.Cimbura@mail.com,Merle.Cimbura@gmail.com,worker
297,Sara-Ann,Marden,Sara-Ann.Marden@mail.com,Sara-Ann.Marden@gmail.com,developer
298,Mady,Pearse,Mady.Pearse@mail.com,Mady.Pearse@gmail.com,developer
299,Frieda,Raychel,Frieda.Raychel@mail.com,Frieda.Raychel@gmail.com,developer
300,Rani,Kellby,Rani.Kellby@mail.com,Rani.Kellby@gmail.com,police officer
301,Dolli,Behre,Dolli.Behre@mail.com,Dolli.Behre@gmail.com,web_developer
302,Damaris,Fredi,Damaris.Fredi@mail.com,Damaris.Fredi@gmail.com,developer
303,Danny,Jalbert,Danny.Jalbert@mail.com,Danny.Jalbert@gmail.com,web_developer
304,Brena,Cath,Brena.Cath@mail.com,Brena.Cath@gmail.com,worker
305,Chandra,Terrence,Chandra.Terrence@mail.com,Chandra.Terrence@gmail.com,police officer
306,Ethel,Cloris,Ethel.Cloris@mail.com,Ethel.Cloris@gmail.com,police officer
307,Ana,Dowski,Ana.Dowski@mail.com,Ana.Dowski@gmail.com,web_developer
308,Mamie,Iaverne,Mamie.Iaverne@mail.com,Mamie.Iaverne@gmail.com,web_developer
309,Dale,Wallis,Dale.Wallis@mail.com,Dale.Wallis@gmail.com,developer
310,Dacia,Lay,Dacia.Lay@mail.com,Dacia.Lay@gmail.com,worker
311,Bee,Liebermann,Bee.Liebermann@mail.com,Bee.Liebermann@gmail.com,police officer
312,Adelle,Anton,Adelle.Anton@mail.com,Adelle.Anton@gmail.com,worker
313,Leanna,McAdams,Leanna.McAdams@mail.com,Leanna.McAdams@gmail.com,police officer
314,Kristan,Baptlsta,Kristan.Baptlsta@mail.com,Kristan.Baptlsta@gmail.com,worker
315,Claresta,Ingra,Claresta.Ingra@mail.com,Claresta.Ingra@gmail.com,developer
316,Olivette,Lenny,Olivette.Lenny@mail.com,Olivette.Lenny@gmail.com,developer
317,Melisent,Merriott,Melisent.Merriott@mail.com,Melisent.Merriott@gmail.com,police officer
318,Letizia,Jenness,Letizia.Jenness@mail.com,Letizia.Jenness@gmail.com,developer
319,Ursulina,Mozelle,Ursulina.Mozelle@mail.com,Ursulina.Mozelle@gmail.com,worker
320,Gloria,Nikaniki,Gloria.Nikaniki@mail.com,Gloria.Nikaniki@gmail.com,worker
321,Shell,Linskey,Shell.Linskey@mail.com,Shell.Linskey@gmail.com,worker
322,Leontine,Cath,Leontine.Cath@mail.com,Leontine.Cath@gmail.com,worker
323,Karlee,Marlie,Karlee.Marlie@mail.com,Karlee.Marlie@gmail.com,developer
324,Harrietta,Concha,Harrietta.Concha@mail.com,Harrietta.Concha@gmail.com,police officer
325,Kial,Alarise,Kial.Alarise@mail.com,Kial.Alarise@gmail.com,worker
326,Zaria,Bord,Zaria.Bord@mail.com,Zaria.Bord@gmail.com,developer
327,Sara-Ann,Sothena,Sara-Ann.Sothena@mail.com,Sara-Ann.Sothena@gmail.com,police officer
328,Rosene,Daniele,Rosene.Daniele@mail.com,Rosene.Daniele@gmail.com,web_developer
329,Alameda,Kiersten,Alameda.Kiersten@mail.com,Alameda.Kiersten@gmail.com,police officer
330,Joelly,Nester,Joelly.Nester@mail.com,Joelly.Nester@gmail.com,worker
331,Talya,Ailyn,Talya.Ailyn@mail.com,Talya.Ailyn@gmail.com,developer
332,Tani,Bertold,Tani.Bertold@mail.com,Tani.Bertold@gmail.com,worker
333,Bill,Stuart,Bill.Stuart@mail.com,Bill.Stuart@gmail.com,developer
334,Aeriela,Sundin,Aeriela.Sundin@mail.com,Aeriela.Sundin@gmail.com,worker
335,Calla,Fiann,Calla.Fiann@mail.com,Calla.Fiann@gmail.com,worker
336,Angela,Dermott,Angela.Dermott@mail.com,Angela.Dermott@gmail.com,developer
337,Correy,Yoko,Correy.Yoko@mail.com,Correy.Yoko@gmail.com,worker
338,Marleah,Vivle,Marleah.Vivle@mail.com,Marleah.Vivle@gmail.com,worker
339,Fidelia,Geffner,Fidelia.Geffner@mail.com,Fidelia.Geffner@gmail.com,web_developer
340,Flo,Hashim,Flo.Hashim@mail.com,Flo.Hashim@gmail.com,web_developer
341,Paulita,Martguerita,Paulita.Martguerita@mail.com,Paulita.Martguerita@gmail.com,police officer
342,Flo,Sundin,Flo.Sundin@mail.com,Flo.Sundin@gmail.com,developer
343,Zia,Alva,Zia.Alva@mail.com,Zia.Alva@gmail.com,police officer
344,Dode,Chabot,Dode.Chabot@mail.com,Dode.Chabot@gmail.com,police officer
345,Flo,Payson,Flo.Payson@mail.com,Flo.Payson@gmail.com,developer
346,Nonnah,Atcliffe,Nonnah.Atcliffe@mail.com,Nonnah.Atcliffe@gmail.com,worker
347,Iseabal,Lauraine,Iseabal.Lauraine@mail.com,Iseabal.Lauraine@gmail.com,web_developer
348,Hollie,Hollingsworth,Hollie.Hollingsworth@mail.com,Hollie.Hollingsworth@gmail.com,web_developer
349,Fernande,Bollay,Fernande.Bollay@mail.com,Fernande.Bollay@gmail.com,web_developer
350,Merry,Angelis,Merry.Angelis@mail.com,Merry.Angelis@gmail.com,developer
351,Yvonne,Matthew,Yvonne.Matthew@mail.com,Yvonne.Matthew@gmail.com,worker
352,Farrah,Lalitta,Farrah.Lalitta@mail.com,Farrah.Lalitta@gmail.com,developer
353,Therine,Juliet,Therine.Juliet@mail.com,Therine.Juliet@gmail.com,police officer
354,Lindie,Pernick,Lindie.Pernick@mail.com,Lindie.Pernick@gmail.com,web_developer
355,Tani,Medrek,Tani.Medrek@mail.com,Tani.Medrek@gmail.com,web_developer
356,Joy,Hashim,Joy.Hashim@mail.com,Joy.Hashim@gmail.com,developer
357,Trixi,Thilda,Trixi.Thilda@mail.com,Trixi.Thilda@gmail.com,developer
358,Kittie,Mendez,Kittie.Mendez@mail.com,Kittie.Mendez@gmail.com,police officer
359,Tierney,Dash,Tierney.Dash@mail.com,Tierney.Dash@gmail.com,worker
360,Ruthe,Fosque,Ruthe.Fosque@mail.com,Ruthe.Fosque@gmail.com,worker
361,Rosabelle,Heidt,Rosabelle.Heidt@mail.com,Rosabelle.Heidt@gmail.com,worker
362,Genevra,Cookie,Genevra.Cookie@mail.com,Genevra.Cookie@gmail.com,worker
363,Nataline,Egbert,Nataline.Egbert@mail.com,Nataline.Egbert@gmail.com,police officer
364,Bill,Peti,Bill.Peti@mail.com,Bill.Peti@gmail.com,web_developer
365,Arlena,Ahab,Arlena.Ahab@mail.com,Arlena.Ahab@gmail.com,developer
366,Atlanta,Magnolia,Atlanta.Magnolia@mail.com,Atlanta.Magnolia@gmail.com,web_developer
367,Lanna,Gale,Lanna.Gale@mail.com,Lanna.Gale@gmail.com,web_developer
368,Keelia,McClimans,Keelia.McClimans@mail.com,Keelia.McClimans@gmail.com,worker
369,Katuscha,Rurik,Katuscha.Rurik@mail.com,Katuscha.Rurik@gmail.com,web_developer
370,Linet,Kendrick,Linet.Kendrick@mail.com,Linet.Kendrick@gmail.com,web_developer
371,Elka,Kermit,Elka.Kermit@mail.com,Elka.Kermit@gmail.com,worker
372,Max,Halsey,Max.Halsey@mail.com,Max.Halsey@gmail.com,developer
373,Annaliese,Wind,Annaliese.Wind@mail.com,Annaliese.Wind@gmail.com,web_developer
374,Halette,Erb,Halette.Erb@mail.com,Halette.Erb@gmail.com,police officer
375,Lanae,Junie,Lanae.Junie@mail.com,Lanae.Junie@gmail.com,police officer
376,Lorne,Nerita,Lorne.Nerita@mail.com,Lorne.Nerita@gmail.com,police officer
377,Gerianna,Hamil,Gerianna.Hamil@mail.com,Gerianna.Hamil@gmail.com,worker
378,Kial,Viddah,Kial.Viddah@mail.com,Kial.Viddah@gmail.com,web_developer
379,Jacquetta,Caitlin,Jacquetta.Caitlin@mail.com,Jacquetta.Caitlin@gmail.com,worker
380,Nyssa,Estella,Nyssa.Estella@mail.com,Nyssa.Estella@gmail.com,police officer
381,Joy,Norrie,Joy.Norrie@mail.com,Joy.Norrie@gmail.com,worker
382,Lacie,Wu,Lacie.Wu@mail.com,Lacie.Wu@gmail.com,developer
383,Nickie,Johnsson,Nickie.Johnsson@mail.com,Nickie.Johnsson@gmail.com,police officer
384,Nickie,Gamaliel,Nickie.Gamaliel@mail.com,Nickie.Gamaliel@gmail.com,developer
385,Ayn,Callista,Ayn.Callista@mail.com,Ayn.Callista@gmail.com,web_developer
386,Anestassia,Darrell,Anestassia.Darrell@mail.com,Anestassia.Darrell@gmail.com,web_developer
387,Alexine,Hertzfeld,Alexine.Hertzfeld@mail.com,Alexine.Hertzfeld@gmail.com,police officer
388,Cam,Henebry,Cam.Henebry@mail.com,Cam.Henebry@gmail.com,worker
389,Gavrielle,Sperling,Gavrielle.Sperling@mail.com,Gavrielle.Sperling@gmail.com,web_developer
390,Averyl,Joachim,Averyl.Joachim@mail.com,Averyl.Joachim@gmail.com,developer
391,Bee,Stoller,Bee.Stoller@mail.com,Bee.Stoller@gmail.com,developer
392,Flory,Dowski,Flory.Dowski@mail.com,Flory.Dowski@gmail.com,web_developer
393,Alyssa,Newell,Alyssa.Newell@mail.com,Alyssa.Newell@gmail.com,web_developer
394,Randa,Margret,Randa.Margret@mail.com,Randa.Margret@gmail.com,worker
395,June,Eno,June.Eno@mail.com,June.Eno@gmail.com,web_developer
396,Frank,Arvo,Frank.Arvo@mail.com,Frank.Arvo@gmail.com,police officer
397,Maye,Mitzi,Maye.Mitzi@mail.com,Maye.Mitzi@gmail.com,worker
398,Jessy,Klemperer,Jessy.Klemperer@mail.com,Jessy.Klemperer@gmail.com,web_developer
399,Harrietta,Vins,Harrietta.Vins@mail.com,Harrietta.Vins@gmail.com,police officer
400,Helsa,Randene,Helsa.Randene@mail.com,Helsa.Randene@gmail.com,worker
401,Joleen,Goerke,Joleen.Goerke@mail.com,Joleen.Goerke@gmail.com,worker
402,Nanete,Kat,Nanete.Kat@mail.com,Nanete.Kat@gmail.com,developer
403,Wanda,Yam,Wanda.Yam@mail.com,Wanda.Yam@gmail.com,worker
404,Brena,Carlson,Brena.Carlson@mail.com,Brena.Carlson@gmail.com,web_developer
405,Christal,Tatianas,Christal.Tatianas@mail.com,Christal.Tatianas@gmail.com,web_developer
406,Bettine,Hieronymus,Bettine.Hieronymus@mail.com,Bettine.Hieronymus@gmail.com,worker
407,Florencia,Strephon,Florencia.Strephon@mail.com,Florencia.Strephon@gmail.com,web_developer
408,Odessa,Hartnett,Odessa.Hartnett@mail.com,Odessa.Hartnett@gmail.com,developer
409,Leia,Waite,Leia.Waite@mail.com,Leia.Waite@gmail.com,police officer
410,Orelia,Laverne,Orelia.Laverne@mail.com,Orelia.Laverne@gmail.com,web_developer
411,Sharlene,Sherfield,Sharlene.Sherfield@mail.com,Sharlene.Sherfield@gmail.com,police officer
412,Mallory,Israeli,Mallory.Israeli@mail.com,Mallory.Israeli@gmail.com,developer
413,Linet,Ogren,Linet.Ogren@mail.com,Linet.Ogren@gmail.com,police officer
414,Abbie,Kimmie,Abbie.Kimmie@mail.com,Abbie.Kimmie@gmail.com,police officer
415,Sybille,Margret,Sybille.Margret@mail.com,Sybille.Margret@gmail.com,developer
416,Aeriela,Angelis,Aeriela.Angelis@mail.com,Aeriela.Angelis@gmail.com,web_developer
417,Gratia,Dosia,Gratia.Dosia@mail.com,Gratia.Dosia@gmail.com,web_developer
418,Wanda,Jehu,Wanda.Jehu@mail.com,Wanda.Jehu@gmail.com,developer
419,Margette,Joeann,Margette.Joeann@mail.com,Margette.Joeann@gmail.com,worker
420,Lauryn,Diann,Lauryn.Diann@mail.com,Lauryn.Diann@gmail.com,developer
421,Jenda,Munn,Jenda.Munn@mail.com,Jenda.Munn@gmail.com,police officer
422,Misha,Simmonds,Misha.Simmonds@mail.com,Misha.Simmonds@gmail.com,developer
423,Dorene,Vivle,Dorene.Vivle@mail.com,Dorene.Vivle@gmail.com,developer
424,Pierette,Klotz,Pierette.Klotz@mail.com,Pierette.Klotz@gmail.com,web_developer
425,Vita,Toni,Vita.Toni@mail.com,Vita.Toni@gmail.com,police officer
426,Nelle,Jillane,Nelle.Jillane@mail.com,Nelle.Jillane@gmail.com,developer
427,Christian,Eckblad,Christian.Eckblad@mail.com,Christian.Eckblad@gmail.com,web_developer
428,Judy,Franza,Judy.Franza@mail.com,Judy.Franza@gmail.com,police officer
429,Zaria,Weitman,Zaria.Weitman@mail.com,Zaria.Weitman@gmail.com,developer
430,Ingrid,Birdella,Ingrid.Birdella@mail.com,Ingrid.Birdella@gmail.com,police officer
431,Nanete,Sprage,Nanete.Sprage@mail.com,Nanete.Sprage@gmail.com,web_developer
432,Leanna,Dash,Leanna.Dash@mail.com,Leanna.Dash@gmail.com,web_developer
433,Romona,Kenney,Romona.Kenney@mail.com,Romona.Kenney@gmail.com,web_developer
434,Rori,Brenn,Rori.Brenn@mail.com,Rori.Brenn@gmail.com,web_developer
435,Leeanne,Decato,Leeanne.Decato@mail.com,Leeanne.Decato@gmail.com,police officer
436,Sandie,Marijo,Sandie.Marijo@mail.com,Sandie.Marijo@gmail.com,police officer
437,Ardys,Casimir,Ardys.Casimir@mail.com,Ardys.Casimir@gmail.com,developer
438,Britte,Zachary,Britte.Zachary@mail.com,Britte.Zachary@gmail.com,police officer
439,Magdalena,Tippets,Magdalena.Tippets@mail.com,Magdalena.Tippets@gmail.com,worker
440,Kylynn,Deegan,Kylynn.Deegan@mail.com,Kylynn.Deegan@gmail.com,worker
441,Janenna,Ralfston,Janenna.Ralfston@mail.com,Janenna.Ralfston@gmail.com,developer
442,Krystle,Pitt,Krystle.Pitt@mail.com,Krystle.Pitt@gmail.com,web_developer
443,Frieda,Joni,Frieda.Joni@mail.com,Frieda.Joni@gmail.com,worker
444,Dione,Socha,Dione.Socha@mail.com,Dione.Socha@gmail.com,web_developer
445,Norine,Vacuva,Norine.Vacuva@mail.com,Norine.Vacuva@gmail.com,police officer
446,Claudina,Gerge,Claudina.Gerge@mail.com,Claudina.Gerge@gmail.com,developer
447,Regina,Reidar,Regina.Reidar@mail.com,Regina.Reidar@gmail.com,developer
448,Rebeca,Burch,Rebeca.Burch@mail.com,Rebeca.Burch@gmail.com,worker
449,Taffy,Faust,Taffy.Faust@mail.com,Taffy.Faust@gmail.com,police officer
450,Fredericka,Janene,Fredericka.Janene@mail.com,Fredericka.Janene@gmail.com,police officer
451,Madelle,Margarete,Madelle.Margarete@mail.com,Madelle.Margarete@gmail.com,developer
452,Mureil,Gabrielli,Mureil.Gabrielli@mail.com,Mureil.Gabrielli@gmail.com,police officer
453,Marjie,Roxanna,Marjie.Roxanna@mail.com,Marjie.Roxanna@gmail.com,police officer
454,Selma,Voletta,Selma.Voletta@mail.com,Selma.Voletta@gmail.com,developer
455,Tamqrah,Camden,Tamqrah.Camden@mail.com,Tamqrah.Camden@gmail.com,worker
456,Louella,Chobot,Louella.Chobot@mail.com,Louella.Chobot@gmail.com,developer
457,Eugine,Meli,Eugine.Meli@mail.com,Eugine.Meli@gmail.com,web_developer
458,Jaime,Salvidor,Jaime.Salvidor@mail.com,Jaime.Salvidor@gmail.com,web_developer
459,Camile,Fancie,Camile.Fancie@mail.com,Camile.Fancie@gmail.com,police officer
460,Desirae,Devlen,Desirae.Devlen@mail.com,Desirae.Devlen@gmail.com,web_developer
461,Annice,Berriman,Annice.Berriman@mail.com,Annice.Berriman@gmail.com,developer
462,Cam,Ranjiv,Cam.Ranjiv@mail.com,Cam.Ranjiv@gmail.com,police officer
463,Zia,Middleton,Zia.Middleton@mail.com,Zia.Middleton@gmail.com,police officer
464,Johna,Nerita,Johna.Nerita@mail.com,Johna.Nerita@gmail.com,worker
465,Clo,Himelman,Clo.Himelman@mail.com,Clo.Himelman@gmail.com,developer
466,Keelia,Hoban,Keelia.Hoban@mail.com,Keelia.Hoban@gmail.com,worker
467,Iseabal,Laverne,Iseabal.Laverne@mail.com,Iseabal.Laverne@gmail.com,developer
468,Rayna,Phyllis,Rayna.Phyllis@mail.com,Rayna.Phyllis@gmail.com,worker
469,Helsa,Halla,Helsa.Halla@mail.com,Helsa.Halla@gmail.com,worker
470,Charissa,Cosenza,Charissa.Cosenza@mail.com,Charissa.Cosenza@gmail.com,worker
471,Ethel,Casimir,Ethel.Casimir@mail.com,Ethel.Casimir@gmail.com,developer
472,Jaclyn,Rad,Jaclyn.Rad@mail.com,Jaclyn.Rad@gmail.com,police officer
473,Cyb,Pacorro,Cyb.Pacorro@mail.com,Cyb.Pacorro@gmail.com,developer
474,Dawn,Harl,Dawn.Harl@mail.com,Dawn.Harl@gmail.com,worker
475,Sheelagh,Abram,Sheelagh.Abram@mail.com,Sheelagh.Abram@gmail.com,developer
476,Daryl,Lindemann,Daryl.Lindemann@mail.com,Daryl.Lindemann@gmail.com,worker
477,Marinna,Abernon,Marinna.Abernon@mail.com,Marinna.Abernon@gmail.com,police officer
478,Gale,Cavan,Gale.Cavan@mail.com,Gale.Cavan@gmail.com,web_developer
479,Tera,Melony,Tera.Melony@mail.com,Tera.Melony@gmail.com,worker
480,Josephine,Phyllis,Josephine.Phyllis@mail.com,Josephine.Phyllis@gmail.com,web_developer
481,Jan,Vary,Jan.Vary@mail.com,Jan.Vary@gmail.com,worker
482,Penelopa,Niccolo,Penelopa.Niccolo@mail.com,Penelopa.Niccolo@gmail.com,developer
483,Siana,O'Neill,Siana.O'Neill@mail.com,Siana.O'Neill@gmail.com,police officer
484,Norine,Jillane,Norine.Jillane@mail.com,Norine.Jillane@gmail.com,worker
485,Claudina,Emanuel,Claudina.Emanuel@mail.com,Claudina.Emanuel@gmail.com,worker
486,Bee,Taima,Bee.Taima@mail.com,Bee.Taima@gmail.com,web_developer
487,Wileen,Rogerio,Wileen.Rogerio@mail.com,Wileen.Rogerio@gmail.com,worker
488,Rori,Lissi,Rori.Lissi@mail.com,Rori.Lissi@gmail.com,web_developer
489,Katuscha,Tamsky,Katuscha.Tamsky@mail.com,Katuscha.Tamsky@gmail.com,worker
490,Nyssa,Jorgan,Nyssa.Jorgan@mail.com,Nyssa.Jorgan@gmail.com,police officer
491,Fina,Faust,Fina.Faust@mail.com,Fina.Faust@gmail.com,web_developer
492,Kalina,Hertzfeld,Kalina.Hertzfeld@mail.com,Kalina.Hertzfeld@gmail.com,police officer
493,Tracey,Wattenberg,Tracey.Wattenberg@mail.com,Tracey.Wattenberg@gmail.com,web_developer
494,Henriette,Rona,Henriette.Rona@mail.com,Henriette.Rona@gmail.com,worker
495,Deedee,Fosque,Deedee.Fosque@mail.com,Deedee.Fosque@gmail.com,worker
496,Dotty,Hoban,Dotty.Hoban@mail.com,Dotty.Hoban@gmail.com,worker
497,Chere,Hylan,Chere.Hylan@mail.com,Chere.Hylan@gmail.com,web_developer
498,Flo,Maurine,Flo.Maurine@mail.com,Flo.Maurine@gmail.com,developer
499,Linzy,Jess,Linzy.Jess@mail.com,Linzy.Jess@gmail.com,developer
500,Binny,Rese,Binny.Rese@mail.com,Binny.Rese@gmail.com,developer
501,Renie,Jacqui,Renie.Jacqui@mail.com,Renie.Jacqui@gmail.com,police officer
502,Gisela,Atcliffe,Gisela.Atcliffe@mail.com,Gisela.Atcliffe@gmail.com,police officer
503,Odessa,Ellord,Odessa.Ellord@mail.com,Odessa.Ellord@gmail.com,worker
504,Tilly,Seessel,Tilly.Seessel@mail.com,Tilly.Seessel@gmail.com,worker
505,Selma,Cressida,Selma.Cressida@mail.com,Selma.Cressida@gmail.com,police officer
506,Roslyn,Pattin,Roslyn.Pattin@mail.com,Roslyn.Pattin@gmail.com,worker
507,Carmela,August,Carmela.August@mail.com,Carmela.August@gmail.com,worker
508,Aeriela,Diann,Aeriela.Diann@mail.com,Aeriela.Diann@gmail.com,web_developer
509,Fernande,Wooster,Fernande.Wooster@mail.com,Fernande.Wooster@gmail.com,web_developer
510,Andree,Jaylene,Andree.Jaylene@mail.com,Andree.Jaylene@gmail.com,web_developer
511,Gilligan,Kenwood,Gilligan.Kenwood@mail.com,Gilligan.Kenwood@gmail.com,developer
512,Goldie,Rebecka,Goldie.Rebecka@mail.com,Goldie.Rebecka@gmail.com,police officer
513,Lanna,Autrey,Lanna.Autrey@mail.com,Lanna.Autrey@gmail.com,web_developer
514,Netty,Newell,Netty.Newell@mail.com,Netty.Newell@gmail.com,worker
515,Jenilee,Zetta,Jenilee.Zetta@mail.com,Jenilee.Zetta@gmail.com,worker
516,Sidoney,Dielu,Sidoney.Dielu@mail.com,Sidoney.Dielu@gmail.com,web_developer
517,Sonni,Breed,Sonni.Breed@mail.com,Sonni.Breed@gmail.com,web_developer
518,Rhoda,Clywd,Rhoda.Clywd@mail.com,Rhoda.Clywd@gmail.com,web_developer
519,Anestassia,Irmine,Anestassia.Irmine@mail.com,Anestassia.Irmine@gmail.com,worker
520,Philis,Oneida,Philis.Oneida@mail.com,Philis.Oneida@gmail.com,developer
521,Anallese,Fink,Anallese.Fink@mail.com,Anallese.Fink@gmail.com,web_developer
522,Sheree,Hanshaw,Sheree.Hanshaw@mail.com,Sheree.Hanshaw@gmail.com,police officer
523,Lorne,Mintz,Lorne.Mintz@mail.com,Lorne.Mintz@gmail.com,developer
524,Jsandye,Lissi,Jsandye.Lissi@mail.com,Jsandye.Lissi@gmail.com,worker