id,firstname,lastname,email1,email2,profession,age
25,Kirstin,Garlinda,Kirstin.Garlinda@mail.com,Kirstin.Garlinda@gmail.com,developer,26
26,Sam,Wittie,Sam.Wittie@mail.com,Sam.Wittie@gmail.com,police officer,24
27,Evaleen,Chabot,Evaleen.Chabot@mail.com,Evaleen.Chabot@gmail.com,web_developer,20
28,Olwen,Forrer,Olwen.Forrer@mail.com,Olwen.Forrer@gmail.com,web_developer,47
29,Brooks,Seumas,Brooks.Seumas@mail.com,Brooks.Seumas@gmail.com,web_developer,44
30,Berget,Smitt,Berget.Smitt@mail.com,Berget.Smitt@gmail.com,police officer,32
31,Annora,Thema,Annora.Thema@mail.com,Annora.Thema@gmail.com,developer,38
32,Therine,Lory,Therine.Lory@mail.com,Therine.Lory@gmail.com,worker,40
33,Aeriela,Ovid,Aeriela.Ovid@mail.com,Aeriela.Ovid@gmail.com,worker,50
34,Dulcinea,Myrilla,Dulcinea.Myrilla@mail.com,Dulcinea.Myrilla@gmail.com,police officer,36
35,Violet,Whittaker,Violet.Whittaker@mail.com,Violet.Whittaker@gmail.com,web_developer,44
36,Verla,Trace,Verla.Trace@mail.com,Verla.Trace@gmail.com,developer,22
37,Bobbi,Nicoline,Bobbi.Nicoline@mail.com,Bobbi.Nicoline@gmail.com,police officer,33
38,Claudina,Guildroy,Claudina.Guildroy@mail.com,Claudina.Guildroy@gmail.com,police officer,28
39,Dulcinea,Cullin,Dulcinea.Cullin@mail.com,Dulcinea.Cullin@gmail.com,web_developer,50
40,Hermione,Wareing,Hermione.Wareing@mail.com,Hermione.Wareing@gmail.com,developer,22
41,Kellen,Seagraves,Kellen.Seagraves@mail.com,Kellen.Seagraves@gmail.com,developer,54
42,Lorenza,Ammann,Lorenza.Ammann@mail.com,Lorenza.Ammann@gmail.com,developer,45
43,Ursulina,Artie,Ursulina.Artie@mail.com,Ursulina.Artie@gmail.com,developer,27
44,Antonietta,Hunfredo,Antonietta.Hunfredo@mail.com,Antonietta.Hunfredo@gmail.com,web_developer,39
45,Mariele,Peg,Mariele.Peg@mail.com,Mariele.Peg@gmail.com,worker,28
46,Cyb,Kussell,Cyb.Kussell@mail.com,Cyb.Kussell@gmail.com,developer,39
47,Elvira,Christine,Elvira.Christine@mail.com,Elvira.Christine@gmail.com,worker,31
48,Stephanie,Emmaline,Stephanie.Emmaline@mail.com,Stephanie.Emmaline@gmail.com,web_developer,24
49,Shirlee,Pelagias,Shirlee.Pelagias@mail.com,Shirlee.Pelagias@gmail.com,police officer,44
50,Abbie,Cyrie,Abbie.Cyrie@mail.com,Abbie.Cyrie@gmail.com,police officer,50
51,Chastity,Hanleigh,Chastity.Hanleigh@mail.com,Chastity.Hanleigh@gmail.com,developer,46
52,Deloria,Trinetta,Deloria.Trinetta@mail.com,Deloria.Trinetta@gmail.com,worker,26
53,Pamella,Brian,Pamella.Brian@mail.com,Pamella.Brian@gmail.com,police officer,47
54,Paule,Prouty,Paule.Prouty@mail.com,Paule.Prouty@gmail.com,worker,41
55,Harrietta,Mott,Harrietta.Mott@mail.com,Harrietta.Mott@gmail.com,developer,31
56,Cyb,Brotherson,Cyb.Brotherson@mail.com,Cyb.Brotherson@gmail.com,worker,30
57,Evaleen,Raama,Evaleen.Raama@mail.com,Evaleen.Raama@gmail.com,web_developer,32
58,Marguerite,Ochs,Marguerite.Ochs@mail.com,Marguerite.Ochs@gmail.com,developer,33
59,Aryn,Center,Aryn.Center@mail.com,Aryn.Center@gmail.com,web_developer,45
60,Petronia,Stilwell,Petronia.Stilwell@mail.com,Petronia.Stilwell@gmail.com,worker,32
61,Micheline,Corrine,Micheline.Corrine@mail.com,Micheline.Corrine@gmail.com,police officer,21
62,Marleah,Westphal,Marleah.Westphal@mail.com,Marleah.Westphal@gmail.com,police officer,27
63,Clarice,Colleen,Clarice.Colleen@mail.com,Clarice.Colleen@gmail.com,developer,40
64,Kayla,Kermit,Kayla.Kermit@mail.com,Kayla.Kermit@gmail.com,worker,37
65,Romona,Sophronia,Romona.Sophronia@mail.com,Romona.Sophronia@gmail.com,web_developer,22
66,Mamie,Felecia,Mamie.Felecia@mail.com,Mamie.Felecia@gmail.com,police officer,26
67,Allis,Ruvolo,Allis.Ruvolo@mail.com,Allis.Ruvolo@gmail.com,police officer,39
68,Frank,Durware,Frank.Durware@mail.com,Frank.Durware@gmail.com,developer,51
69,Dacia,Zrike,Dacia.Zrike@mail.com,Dacia.Zrike@gmail.com,web_developer,47
70,Cassondra,Keelia,Cassondra.Keelia@mail.com,Cassondra.Keelia@gmail.com,worker,27
71,Charmaine,Loleta,Charmaine.Loleta@mail.com,Charmaine.Loleta@gmail.com,worker,47
72,Regina,Dowski,Regina.Dowski@mail.com,Regina.Dowski@gmail.com,developer,43
73,Constance,Jerold,Constance.Jerold@mail.com,Constance.Jerold@gmail.com,police officer,27
74,Chandra,Iphlgenia,Chandra.Iphlgenia@mail.com,Chandra.Iphlgenia@gmail.com,web_developer,30
75,Max,Weide,Max.Weide@mail.com,Max.Weide@gmail.com,worker,22
76,Robinia,Secrest,Robinia.Secrest@mail.com,Robinia.Secrest@gmail.com,web_developer,43
77,Paule,Wilona,Paule.Wilona@mail.com,Paule.Wilona@gmail.com,developer,42
78,Jany,Franza,Jany.Franza@mail.com,Jany.Franza@gmail.com,police officer,18
79,Glynnis,McLaughlin,Glynnis.McLaughlin@mail.com,Glynnis.McLaughlin@gmail.com,web_developer,32
80,Etta,Eben,Etta.Eben@mail.com,Etta.Eben@gmail.com,web_developer,31
81,Stacey,Parsaye,Stacey.Parsaye@mail.com,Stacey.Parsaye@gmail.com,web_developer,34
82,Alyssa,Loleta,Alyssa.Loleta@mail.com,Alyssa.Loleta@gmail.com,police officer,26
83,Giustina,Grimbly,Giustina.Grimbly@mail.com,Giustina.Grimbly@gmail.com,police officer,54
84,Gui,Erminia,Gui.Erminia@mail.com,Gui.Erminia@gmail.com,police officer,41
85,Joelly,Fry,Joelly.Fry@mail.com,Joelly.Fry@gmail.com,web_developer,54
86,Renae,Trace,Renae.Trace@mail.com,Renae.Trace@gmail.com,worker,23
87,Katuscha,Abbot,Katuscha.Abbot@mail.com,Katuscha.Abbot@gmail.com,web_developer,19
88,Verla,Baptlsta,Verla.Baptlsta@mail.com,Verla.Baptlsta@gmail.com,police officer,29
89,Madeleine,Maribeth,Madeleine.Maribeth@mail.com,Madeleine.Maribeth@gmail.com,police officer,43
90,Ekaterina,Braun,Ekaterina.Braun@mail.com,Ekaterina.Braun@gmail.com,police officer,34
91,Roslyn,Strephon,Roslyn.Strephon@mail.com,Roslyn.Strephon@gmail.com,police officer,53
92,Emma,Yusuk,Emma.Yusuk@mail.com,Emma.Yusuk@gmail.com,police officer,43
93,Shell,Hedve,Shell.Hedve@mail.com,Shell.Hedve@gmail.com,developer,25
94,Alisha,Giff,Alisha.Giff@mail.com,Alisha.Giff@gmail.com,developer,46
95,Perry,Noam,Perry.Noam@mail.com,Perry.Noam@gmail.com,police officer,23
96,Yvonne,Suanne,Yvonne.Suanne@mail.com,Yvonne.Suanne@gmail.com,police officer,52
97,Tybie,Llovera,Tybie.Llovera@mail.com,Tybie.Llovera@gmail.com,police officer,30
98,Shauna,Lareena,Shauna.Lareena@mail.com,Shauna.Lareena@gmail.com,web_developer,48
99,Nelle,Birdella,Nelle.Birdella@mail.com,Nelle.Birdella@gmail.com,web_developer,25
100,Sabina,Sabella,Sabina.Sabella@mail.com,Sabina.Sabella@gmail.com,police officer,47
101,Melisent,Uund,Melisent.Uund@mail.com,Melisent.Uund@gmail.com,developer,38
102,Oralee,Bendick,Oralee.Bendick@mail.com,Oralee.Bendick@gmail.com,worker,38
103,Steffane,Longfellow,Steffane.Longfellow@mail.com,Steffane.Longfellow@gmail.com,police officer,47
104,Rani,Aaberg,Rani.Aaberg@mail.com,Rani.Aaberg@gmail.com,police officer,53
105,Calla,Bonilla,Calla.Bonilla@mail.com,Calla.Bonilla@gmail.com,worker,37
106,Teriann,Reinke,Teriann.Reinke@mail.com,Teriann.Reinke@gmail.com,developer,32
107,Joeann,Orlene,Joeann.Orlene@mail.com,Joeann.Orlene@gmail.com,police officer,32
108,Norine,Zina,Norine.Zina@mail.com,Norine.Zina@gmail.com,web_developer,40
109,Krystle,Clara,Krystle.Clara@mail.com,Krystle.Clara@gmail.com,web_developer,40
110,Jan,Wittie,Jan.Wittie@mail.com,Jan.Wittie@gmail.com,developer,18
111,Wynne,Zola,Wynne.Zola@mail.com,Wynne.Zola@gmail.com,worker,19
112,Maryellen,Braun,Maryellen.Braun@mail.com,Maryellen.Braun@gmail.com,worker,48
113,Korrie,Erb,Korrie.Erb@mail.com,Korrie.Erb@gmail.com,worker,40
114,Sybille,Parsaye,Sybille.Parsaye@mail.com,Sybille.Parsaye@gmail.com,worker,33
115,Jessy,Secrest,Jessy.Secrest@mail.com,Jessy.Secrest@gmail.com,worker,37
116,Cyndie,Ranjiv,Cyndie.Ranjiv@mail.com,Cyndie.Ranjiv@gmail.com,web_developer,36
117,Kore,Claudine,Kore.Claudine@mail.com,Kore.Claudine@gmail.com,web_developer,18
118,Gianina,Arley,Gianina.Arley@mail.com,Gianina.Arley@gmail.com,web_developer,31
119,Kimberley,Merell,Kimberley.Merell@mail.com,Kimberley.Merell@gmail.com,web_developer,33
120,Mildrid,Vernier,Mildrid.Vernier@mail.com,Mildrid.Vernier@gmail.com,police officer,29
121,Thalia,Roche,Thalia.Roche@mail.com,Thalia.Roche@gmail.com,web_developer,31
122,Mellicent,Turne,Mellicent.Turne@mail.com,Mellicent.Turne@gmail.com,worker,54
123,Nita,Kalinda,Nita.Kalinda@mail.com,Nita.Kalinda@gmail.com,web_developer,32
124,Aigneis,Fabiola,Aigneis.Fabiola@mail.com,Aigneis.Fabiola@gmail.com,developer,42
125,Paulita,Carleen,Paulita.Carleen@mail.com,Paulita.Carleen@gmail.com,web_developer,50
126,Mara,Friede,Mara.Friede@mail.com,Mara.Friede@gmail.com,worker,40
127,Christal,Willie,Christal.Willie@mail.com,Christal.Willie@gmail.com,worker,33
128,Ada,Fennessy,Ada.Fennessy@mail.com,Ada.Fennessy@gmail.com,police officer,19
129,Carolina,Aloise,Carolina.Aloise@mail.com,Carolina.Aloise@gmail.com,developer,34
130,Shannah,Ramona,Shannah.Ramona@mail.com,Shannah.Ramona@gmail.com,police officer,25
131,Nariko,Kravits,Nariko.Kravits@mail.com,Nariko.Kravits@gmail.com,developer,51
132,Adore,Halla,Adore.Halla@mail.com,Adore.Halla@gmail.com,worker,23
133,Kerrin,Dosia,Kerrin.Dosia@mail.com,Kerrin.Dosia@gmail.com,web_developer,25
134,Arlena,Bryna,Arlena.Bryna@mail.com,Arlena.Bryna@gmail.com,police officer,30
135,Eve,Haldas,Eve.Haldas@mail.com,Eve.Haldas@gmail.com,police officer,20
136,Carolina,Vary,Carolina.Vary@mail.com,Carolina.Vary@gmail.com,web_developer,28
137,Marika,Chrystel,Marika.Chrystel@mail.com,Marika.Chrystel@gmail.com,developer,21
138,Berget,Sisile,Berget.Sisile@mail.com,Berget.Sisile@gmail.com,worker,44
139,Rosene,Kathie,Rosene.Kathie@mail.com,Rosene.Kathie@gmail.com,worker,27
140,Zondra,Dalli,Zondra.Dalli@mail.com,Zondra.Dalli@gmail.com,developer,35
141,Betta,Pulsifer,Betta.Pulsifer@mail.com,Betta.Pulsifer@gmail.com,developer,28
142,Raina,Lowry,Raina.Lowry@mail.com,Raina.Lowry@gmail.com,developer,35
143,Charlena,Jillane,Charlena.Jillane@mail.com,Charlena.Jillane@gmail.com,police officer,49
144,Mamie,Idelia,Mamie.Idelia@mail.com,Mamie.Idelia@gmail.com,developer,34
145,Pearline,Keelia,Pearline.Keelia@mail.com,Pearline.Keelia@gmail.com,worker,21
146,Jenilee,Shields,Jenilee.Shields@mail.com,Jenilee.Shields@gmail.com,worker,32
147,Nataline,Medrek,Nataline.Medrek@mail.com,Nataline.Medrek@gmail.com,developer,51
148,Jennica,Destinee,Jennica.Destinee@mail.com,Jennica.Destinee@gmail.com,developer,54
149,Devina,Beniamino,Devina.Beniamino@mail.com,Devina.Beniamino@gmail.com,police officer,40
150,Imojean,Cyrie,Imojean.Cyrie@mail.com,Imojean.Cyrie@gmail.com,police officer,29
151,Frieda,Isidore,Frieda.Isidore@mail.com,Frieda.Isidore@gmail.com,web_developer,20
152,Jobi,Levey,Jobi.Levey@mail.com,Jobi.Levey@gmail.com,web_developer,50
153,Max,Anderea,Max.Anderea@mail.com,Max.Anderea@gmail.com,web_developer,32
154,Meg,Viddah,Meg.Viddah@mail.com,Meg.Viddah@gmail.com,worker,18
155,Fernande,Thomasina,Fernande.Thomasina@mail.com,Fernande.Thomasina@gmail.com,web_developer,29
156,Candi,Gordon,Candi.Gordon@mail.com,Candi.Gordon@gmail.com,web_developer,23
157,Cam,Dermott,Cam.Dermott@mail.com,Cam.Dermott@gmail.com,worker,23
158,Tami,Brotherson,Tami.Brotherson@mail.com,Tami.Brotherson@gmail.com,web_developer,27
159,Shaine,Vharat,Shaine.Vharat@mail.com,Shaine.Vharat@gmail.com,web_developer,40
160,Luci,Gert,Luci.Gert@mail.com,Luci.Gert@gmail.com,police officer,50
161,Hyacinthe,Gamaliel,Hyacinthe.Gamaliel@mail.com,Hyacinthe.Gamaliel@gmail.com,web_developer,50
162,Tersina,Munn,Tersina.Munn@mail.com,Tersina.Munn@gmail.com,police officer,53
163,Ninnetta,Jillane,Ninnetta.Jillane@mail.com,Ninnetta.Jillane@gmail.com,police officer,34
164,Lauryn,Prober,Lauryn.Prober@mail.com,Lauryn.Prober@gmail.com,police officer,40
165,Minda,Stoller,Minda.Stoller@mail.com,Minda.Stoller@gmail.com,web_developer,28
166,Wileen,Birdella,Wileen.Birdella@mail.com,Wileen.Birdella@gmail.com,worker,30
167,Amalie,Han,Amalie.Han@mail.com,Amalie.Han@gmail.com,web_developer,36
168,Jean,Drus,Jean.Drus@mail.com,Jean.Drus@gmail.com,web_developer,38
169,Edyth,Neils,Edyth.Neils@mail.com,Edyth.Neils@gmail.com,developer,23
170,Kittie,Santoro,Kittie.Santoro@mail.com,Kittie.Santoro@gmail.com,worker,23
171,Rozele,Ahab,Rozele.Ahab@mail.com,Rozele.Ahab@gmail.com,worker,44
172,Gusella,Margarete,Gusella.Margarete@mail.com,Gusella.Margarete@gmail.com,police officer,41
173,Konstance,Noman,Konstance.Noman@mail.com,Konstance.Noman@gmail.com,police officer,24
174,Adriana,Ogren,Adriana.Ogren@mail.com,Adriana.Ogren@gmail.com,developer,25
175,Vonny,Olympium,Vonny.Olympium@mail.com,Vonny.Olympium@gmail.com,police officer,41
176,Randa,Hertzfeld,Randa.Hertzfeld@mail.com,Randa.Hertzfeld@gmail.com,developer,30
177,Lynde,Kylander,Lynde.Kylander@mail.com,Lynde.Kylander@gmail.com,police officer,36
178,Catrina,Hoenack,Catrina.Hoenack@mail.com,Catrina.Hoenack@gmail.com,police officer,39
179,Damaris,Merell,Damaris.Merell@mail.com,Damaris.Merell@gmail.com,developer,39
180,Brena,Pozzy,Brena.Pozzy@mail.com,Brena.Pozzy@gmail.com,police officer,21
181,Deirdre,Manolo,Deirdre.Manolo@mail.com,Deirdre.Manolo@gmail.com,developer,49
182,Ronna,Deegan,Ronna.Deegan@mail.com,Ronna.Deegan@gmail.com,developer,43
183,Fanny,Gaynor,Fanny.Gaynor@mail.com,Fanny.Gaynor@gmail.com,web_developer,41
184,Tori,Merna,Tori.Merna@mail.com,Tori.Merna@gmail.com,developer,21
185,Vita,Trinetta,Vita.Trinetta@mail.com,Vita.Trinetta@gmail.com,web_developer,23
186,Jasmina,Masao,Jasmina.Masao@mail.com,Jasmina.Masao@gmail.com,developer,35
187,Elmira,Lipson,Elmira.Lipson@mail.com,Elmira.Lipson@gmail.com,worker,19
188,Ellette,Valerio,Ellette.Valerio@mail.com,Ellette.Valerio@gmail.com,developer,33
189,Gaylene,Gherardo,Gaylene.Gherardo@mail.com,Gaylene.Gherardo@gmail.com,police officer,51
190,Corly,Klemperer,Corly.Klemperer@mail.com,Corly.Klemperer@gmail.com,worker,27
191,Celene,Rillings,Celene.Rillings@mail.com,Celene.Rillings@gmail.com,worker,45
192,Deloria,Havens,Deloria.Havens@mail.com,Deloria.Havens@gmail.com,worker,49
193,Gertrud,Laverne,Gertrud.Laverne@mail.com,Gertrud.Laverne@gmail.com,web_developer,22
194,Yetty,Armanda,Yetty.Armanda@mail.com,Yetty.Armanda@gmail.com,web_developer,23
195,Elka,Alfons,Elka.Alfons@mail.com,Elka.Alfons@gmail.com,web_developer,25
196,Kristina,Dex,Kristina.Dex@mail.com,Kristina.Dex@gmail.com,police officer,35
197,Amara,Gaspard,Amara.Gaspard@mail.com,Amara.Gaspard@gmail.com,police officer,35
198,Jsandye,Leifeste,Jsandye.Leifeste@mail.com,Jsandye.Leifeste@gmail.com,worker,46
199,Madalyn,Lindemann,Madalyn.Lindemann@mail.com,Madalyn.Lindemann@gmail.com,police officer,31
200,Eadie,Ellord,Eadie.Ellord@mail.com,Eadie.Ellord@gmail.com,developer,53
201,Rochette,Andrel,Rochette.Andrel@mail.com,Rochette.Andrel@gmail.com,worker,23
202,Willetta,Carvey,Willetta.Carvey@mail.com,Willetta.Carvey@gmail.com,web_developer,47
203,Mahalia,Pitt,Mahalia.Pitt@mail.com,Mahalia.Pitt@gmail.com,developer,49
204,Mildrid,Gaspard,Mildrid.Gaspard@mail.com,Mildrid.Gaspard@gmail.com,police officer,35
205,Rosene,Sherrie,Rosene.Sherrie@mail.com,Rosene.Sherrie@gmail.com,developer,27
206,Sindee,Pip,Sindee.Pip@mail.com,Sindee.Pip@gmail.com,police officer,47
207,Joy,Dorcy,Joy.Dorcy@mail.com,Joy.Dorcy@gmail.com,police officer,27
208,Heida,Lane,Heida.Lane@mail.com,Heida.Lane@gmail.com,developer,53
209,Arlena,Alarise,Arlena.Alarise@mail.com,Arlena.Alarise@gmail.com,worker,50
210,Sindee,Cadmar,Sindee.Cadmar@mail.com,Sindee.Cadmar@gmail.com,developer,48
211,Vere,Donell,Vere.Donell@mail.com,Vere.Donell@gmail.com,police officer,45
212,Alyda,Tarrant,Alyda.Tarrant@mail.com,Alyda.Tarrant@gmail.com,web_developer,40
213,Arlena,Bord,Arlena.Bord@mail.com,Arlena.Bord@gmail.com,worker,21
214,Steffane,Koehler,Steffane.Koehler@mail.com,Steffane.Koehler@gmail.com,developer,45
215,Miquela,Argus,Miquela.Argus@mail.com,Miquela.Argus@gmail.com,police officer,46
216,Dominga,Fennessy,Dominga.Fennessy@mail.com,Dominga.Fennessy@gmail.com,web_developer,24
217,Brianna,Hanshaw,Brianna.Hanshaw@mail.com,Brianna.Hanshaw@gmail.com,police officer,40
218,Reeba,Palocz,Reeba.Palocz@mail.com,Reeba.Palocz@gmail.com,web_developer,52
219,Vanessa,Audly,Vanessa.Audly@mail.com,Vanessa.Audly@gmail.com,worker,24
220,Marsiella,Mendez,Marsiella.Mendez@mail.com,Marsiella.Mendez@gmail.com,developer,35
221,Ruthe,Poppy,Ruthe.Poppy@mail.com,Ruthe.Poppy@gmail.com,developer,20
222,Annecorinne,Mauer,Annecorinne.Mauer@mail.com,Annecorinne.Mauer@gmail.com,worker,33
223,Sara-Ann,Yerkovich,Sara-Ann.Yerkovich@mail.com,Sara-Ann.Yerkovich@gmail.com,developer,30
224,Tersina,Phi,Tersina.Phi@mail.com,Tersina.Phi@gmail.com,police officer,18
225,Aili,Koehler,Aili.Koehler@mail.com,Aili.Koehler@gmail.com,developer,27
226,Winifred,Lucienne,Winifred.Lucienne@mail.com,Winifred.Lucienne@gmail.com,developer,50
227,Priscilla,Thar,Priscilla.Thar@mail.com,Priscilla.Thar@gmail.com,web_developer,30
228,Eugine,Obed,Eugine.Obed@mail.com,Eugine.Obed@gmail.com,worker,48
229,Raquela,Mathilde,Raquela.Mathilde@mail.com,Raquela.Mathilde@gmail.com,web_developer,20
230,Sue,Read,Sue.Read@mail.com,Sue.Read@gmail.com,police officer,45
231,Deedee,Wilona,Deedee.Wilona@mail.com,Deedee.Wilona@gmail.com,web_developer,52
232,Winny,Rad,Winny.Rad@mail.com,Winny.Rad@gmail.com,developer,18
233,Asia,Randene,Asia.Randene@mail.com,Asia.Randene@gmail.com,developer,45
234,Raina,Tiffa,Raina.Tiffa@mail.com,Raina.Tiffa@gmail.com,police officer,35
235,Katleen,Selway,Katleen.Selway@mail.com,Katleen.Selway@gmail.com,police officer,47
236,Betta,Darbie,Betta.Darbie@mail.com,Betta.Darbie@gmail.com,worker,30
237,Courtnay,Stilwell,Courtnay.Stilwell@mail.com,Courtnay.Stilwell@gmail.com,developer,44
238,Leeanne,Francyne,Leeanne.Francyne@mail.com,Leeanne.Francyne@gmail.com,worker,35
239,Gavrielle,Cleavland,Gavrielle.Cleavland@mail.com,Gavrielle.Cleavland@gmail.com,worker,38
240,Consuela,Desai,Consuela.Desai@mail.com,Consuela.Desai@gmail.com,worker,36
241,Mara,Schenck,Mara.Schenck@mail.com,Mara.Schenck@gmail.com,worker,36
242,Tatiania,Jethro,Tatiania.Jethro@mail.com,Tatiania.Jethro@gmail.com,police officer,28
243,Blake,Carlson,Blake.Carlson@mail.com,Blake.Carlson@gmail.com,worker,31
244,Anallese,Monaco,Anallese.Monaco@mail.com,Anallese.Monaco@gmail.com,developer,52
245,Carmela,Mott,Carmela.Mott@mail.com,Carmela.Mott@gmail.com,developer,36
246,Brooks,Vernier,Brooks.Vernier@mail.com,Brooks.Vernier@gmail.com,worker,48
247,Cordi,Fillbert,Cordi.Fillbert@mail.com,Cordi.Fillbert@gmail.com,police officer,29
248,Corene,Means,Corene.Means@mail.com,Corene.Means@gmail.com,developer,38
249,Marita,Jeanne,Marita.Jeanne@mail.com,Marita.Jeanne@gmail.com,developer,45
250,Mureil,Hessler,Mureil.Hessler@mail.com,Mureil.Hessler@gmail.com,web_developer,35
251,Annaliese,Vary,Annaliese.Vary@mail.com,Annaliese.Vary@gmail.com,web_developer,39
252,Tybie,Ellord,Tybie.Ellord@mail.com,Tybie.Ellord@gmail.com,worker,28
253,Evita,Graig,Evita.Graig@mail.com,Evita.Graig@gmail.com,developer,24
254,Jsandye,Vanni,Jsandye.Vanni@mail.com,Jsandye.Vanni@gmail.com,web_developer,43
255,Lanae,Kesley,Lanae.Kesley@mail.com,Lanae.Kesley@gmail.com,developer,36
256,Harmonia,Mike,Harmonia.Mike@mail.com,Harmonia.Mike@gmail.com,developer,42
257,Anthia,Tryck,Anthia.Tryck@mail.com,Anthia.Tryck@gmail.com,web_developer,29
258,Linzy,Felecia,Linzy.Felecia@mail.com,Linzy.Felecia@gmail.com,developer,54
259,Sabina,Fancie,Sabina.Fancie@mail.com,Sabina.Fancie@gmail.com,police officer,45
260,Susette,Roscoe,Susette.Roscoe@mail.com,Susette.Roscoe@gmail.com,police officer,41
261,Frank,Martguerita,Frank.Martguerita@mail.com,Frank.Martguerita@gmail.com,web_developer,45
262,Angela,Latini,Angela.Latini@mail.com,Angela.Latini@gmail.com,worker,39
263,Gertrud,Bari,Gertrud.Bari@mail.com,Gertrud.Bari@gmail.com,worker,48
264,Estell,Graig,Estell.Graig@mail.com,Estell.Graig@gmail.com,worker,41
265,Lelah,Randene,Lelah.Randene@mail.com,Lelah.Randene@gmail.com,police officer,49
266,Rosabelle,Gamaliel,Rosabelle.Gamaliel@mail.com,Rosabelle.Gamaliel@gmail.com,worker,21
267,Ruthe,Brittani,Ruthe.Brittani@mail.com,Ruthe.Brittani@gmail.com,web_developer,29
268,Harmonia,Ellerey,Harmonia.Ellerey@mail.com,Harmonia.Ellerey@gmail.com,police officer,36
269,Jordan,Raychel,Jordan.Raychel@mail.com,Jordan.Raychel@gmail.com,police officer,48
270,Chandra,Miru,Chandra.Miru@mail.com,Chandra.Miru@gmail.com,worker,40
271,Brooks,Auberbach,Brooks.Auberbach@mail.com,Brooks.Auberbach@gmail.com,worker,40
272,Kelly,Hourigan,Kelly.Hourigan@mail.com,Kelly.Hourigan@gmail.com,police officer,44
273,Farrah,Barney,Farrah.Barney@mail.com,Farrah.Barney@gmail.com,police officer,53
274,Wynne,Faust,Wynne.Faust@mail.com,Wynne.Faust@gmail.com,web_developer,23
275,Jasmina,Nea,Jasmina.Nea@mail.com,Jasmina.Nea@gmail.com,developer,28
276,Zia,Lutero,Zia.Lutero@mail.com,Zia.Lutero@gmail.com,police officer,51
277,Alyda,Germann,Alyda.Germann@mail.com,Alyda.Germann@gmail.com,developer,30
278,Carmencita,Pattin,Carmencita.Pattin@mail.com,Carmencita.Pattin@gmail.com,worker,53
279,Thalia,Concha,Thalia.Concha@mail.com,Thalia.Concha@gmail.com,worker,51
280,Fred,Hessler,Fred.Hessler@mail.com,Fred.Hessler@gmail.com,web_developer,28
281,Lyssa,Barrus,Lyssa.Barrus@mail.com,Lyssa.Barrus@gmail.com,web_developer,27
282,Louella,Toor,Louella.Toor@mail.com,Louella.Toor@gmail.com,worker,30
283,Ivett,Cressida,Ivett.Cressida@mail.com,Ivett.Cressida@gmail.com,developer,40
284,Ada,Hurley,Ada.Hurley@mail.com,Ada.Hurley@gmail.com,worker,50
285,Evaleen,Faso,Evaleen.Faso@mail.com,Evaleen.Faso@gmail.com,worker,54
286,Orelia,Teryn,Orelia.Teryn@mail.com,Orelia.Teryn@gmail.com,police officer,24
287,Sadie,Monaco,Sadie.Monaco@mail.com,Sadie.Monaco@gmail.com,web_developer,18
288,Jorry,Jacqui,Jorry.Jacqui@mail.com,Jorry.Jacqui@gmail.com,worker,41
289,Meriel,Goerke,Meriel.Goerke@mail.com,Meriel.Goerke@gmail.com,worker,30
290,Mureil,Knowling,Mureil.Knowling@mail.com,Mureil.Knowling@gmail.com,web_developer,44
291,Jessamyn,Redmond,Jessamyn.Redmond@mail.com,Jessamyn.Redmond@gmail.com,developer,50
292,Mireielle,Orlene,Mireielle.Orlene@mail.com,Mireielle.Orlene@gmail.com,worker,26
293,Cecile,Harday,Cecile.Harday@mail.com,Cecile.Harday@gmail.com,worker,19
294,Joceline,Wattenberg,Joceline.Wattenberg@mail.com,Joceline.Wattenberg@gmail.com,web_developer,42
295,Berget,Harned,Berget.Harned@mail.com,Berget.Harned@gmail.com,web_developer,47
296,Claudina,Gale,Claudina.Gale@mail.com,Claudina.Gale@gmail.com,developer,31
297,Vonny,Cosenza,Vonny.Cosenza@mail.com,Vonny.Cosenza@gmail.com,police officer,39
298,Stephanie,Zitvaa,Stephanie.Zitvaa@mail.com,Stephanie.Zitvaa@gmail.com,worker,43
299,Shaine,Nunci,Shaine.Nunci@mail.com,Shaine.Nunci@gmail.com,developer,30
300,Esmeralda,Neva,Esmeralda.Neva@mail.com,Esmeralda.Neva@gmail.com,worker,54
301,Amalie,Mata,Amalie.Mata@mail.com,Amalie.Mata@gmail.com,worker,48
302,Korrie,Jerold,Korrie.Jerold@mail.com,Korrie.Jerold@gmail.com,developer,52
303,Allyce,Madaih,Allyce.Madaih@mail.com,Allyce.Madaih@gmail.com,developer,35
304,Yolane,Dosia,Yolane.Dosia@mail.com,Yolane.Dosia@gmail.com,web_developer,54
305,Aeriela,Papageno,Aeriela.Papageno@mail.com,Aeriela.Papageno@gmail.com,developer,39
306,Brooks,Durware,Brooks.Durware@mail.com,Brooks.Durware@gmail.com,developer,38
307,Feliza,Jary,Feliza.Jary@mail.com,Feliza.Jary@gmail.com,web_developer,40
308,Heida,Teryn,Heida.Teryn@mail.com,Heida.Teryn@gmail.com,police officer,44
309,Hyacinthe,Braun,Hyacinthe.Braun@mail.com,Hyacinthe.Braun@gmail.com,police officer,36
310,Edyth,Nance,Edyth.Nance@mail.com,Edyth.Nance@gmail.com,police officer,45
311,Janey,Rosette,Janey.Rosette@mail.com,Janey.Rosette@gmail.com,police officer,52
312,Ida,Rosette,Ida.Rosette@mail.com,Ida.Rosette@gmail.com,police officer,50
313,Antonietta,Ahab,Antonietta.Ahab@mail.com,Antonietta.Ahab@gmail.com,developer,49
314,Sashenka,Bearnard,Sashenka.Bearnard@mail.com,Sashenka.Bearnard@gmail.com,developer,48
315,Myriam,Wiener,Myriam.Wiener@mail.com,Myriam.Wiener@gmail.com,worker,39
316,Cathie,Gavrila,Cathie.Gavrila@mail.com,Cathie.Gavrila@gmail.com,police officer,31
317,Cristine,Stefa,Cristine.Stefa@mail.com,Cristine.Stefa@gmail.com,web_developer,50
318,Aubrie,Wenoa,Aubrie.Wenoa@mail.com,Aubrie.Wenoa@gmail.com,web_developer,18
319,Jere,Berl,Jere.Berl@mail.com,Jere.Berl@gmail.com,developer,30
320,Vita,Pyle,Vita.Pyle@mail.com,Vita.Pyle@gmail.com,developer,21
321,Ashlee,Papageno,Ashlee.Papageno@mail.com,Ashlee.Papageno@gmail.com,police officer,26
322,Gwyneth,Drisko,Gwyneth.Drisko@mail.com,Gwyneth.Drisko@gmail.com,police officer,38
323,Cherrita,Bahr,Cherrita.Bahr@mail.com,Cherrita.Bahr@gmail.com,police officer,38
324,Brooks,Rubie,Brooks.Rubie@mail.com,Brooks.Rubie@gmail.com,police officer,25
325,Brena,Autrey,Brena.Autrey@mail.com,Brena.Autrey@gmail.com,worker,37
326,Addia,Anestassia,Addia.Anestassia@mail.com,Addia.Anestassia@gmail.com,developer,39
327,Brena,Shelba,Brena.Shelba@mail.com,Brena.Shelba@gmail.com,web_developer,27
328,Justinn,Kaja,Justinn.Kaja@mail.com,Justinn.Kaja@gmail.com,worker,44
329,Ileana,Wiener,Ileana.Wiener@mail.com,Ileana.Wiener@gmail.com,web_developer,31
330,Damaris,Blase,Damaris.Blase@mail.com,Damaris.Blase@gmail.com,developer,37
331,Amelia,Donoghue,Amelia.Donoghue@mail.com,Amelia.Donoghue@gmail.com,web_developer,48
332,Tiffie,Lail,Tiffie.Lail@mail.com,Tiffie.Lail@gmail.com,police officer,31
333,Ingrid,Lattie,Ingrid.Lattie@mail.com,Ingrid.Lattie@gmail.com,web_developer,41
334,Sybille,Chauncey,Sybille.Chauncey@mail.com,Sybille.Chauncey@gmail.com,developer,27
335,Catrina,Fosque,Catrina.Fosque@mail.com,Catrina.Fosque@gmail.com,developer,52
336,Tori,Hanleigh,Tori.Hanleigh@mail.com,Tori.Hanleigh@gmail.com,worker,28
337,Veda,Annice,Veda.Annice@mail.com,Veda.Annice@gmail.com,police officer,26
338,Elena,Rosette,Elena.Rosette@mail.com,Elena.Rosette@gmail.com,web_developer,46
339,Joceline,Aaberg,Joceline.Aaberg@mail.com,Joceline.Aaberg@gmail.com,police officer,49
340,Dulcinea,Raffo,Dulcinea.Raffo@mail.com,Dulcinea.Raffo@gmail.com,web_developer,28
341,Fred,Gavrila,Fred.Gavrila@mail.com,Fred.Gavrila@gmail.com,developer,33
342,Cathie,Delila,Cathie.Delila@mail.com,Cathie.Delila@gmail.com,worker,34
343,Sheree,Posner,Sheree.Posner@mail.com,Sheree.Posner@gmail.com,police officer,27
344,Georgetta,Brenn,Georgetta.Brenn@mail.com,Georgetta.Brenn@gmail.com,developer,28
345,Karolina,Alisia,Karolina.Alisia@mail.com,Karolina.Alisia@gmail.com,developer,26
346,Lesly,Buffum,Lesly.Buffum@mail.com,Lesly.Buffum@gmail.com,developer,48
347,Kittie,Hull,Kittie.Hull@mail.com,Kittie.Hull@gmail.com,developer,35
348,Elora,Izaak,Elora.Izaak@mail.com,Elora.Izaak@gmail.com,developer,29
349,Lita,Jary,Lita.Jary@mail.com,Lita.Jary@gmail.com,web_developer,25
350,Stacey,Arne,Stacey.Arne@mail.com,Stacey.Arne@gmail.com,police officer,35
351,Tarra,Ivens,Tarra.Ivens@mail.com,Tarra.Ivens@gmail.com,police officer,21
352,Clo,O'Neill,Clo.O'Neill@mail.com,Clo.O'Neill@gmail.com,developer,22
353,Violet,Avi,Violet.Avi@mail.com,Violet.Avi@gmail.com,web_developer,41
354,Kenna,Durware,Kenna.Durware@mail.com,Kenna.Durware@gmail.com,developer,31
355,Adore,Septima,Adore.Septima@mail.com,Adore.Septima@gmail.com,worker,45
356,Merrie,Herrera,Merrie.Herrera@mail.com,Merrie.Herrera@gmail.com,worker,33
357,Brana,Zenas,Brana.Zenas@mail.com,Brana.Zenas@gmail.com,web_developer,18
358,Marika,Anselmi,Marika.Anselmi@mail.com,Marika.Anselmi@gmail.com,developer,32
359,Cassondra,Bettine,Cassondra.Bettine@mail.com,Cassondra.Bettine@gmail.com,developer,54
360,Ariela,Firmin,Ariela.Firmin@mail.com,Ariela.Firmin@gmail.com,web_developer,45
361,Lorne,Kauppi,Lorne.Kauppi@mail.com,Lorne.Kauppi@gmail.com,police officer,53
362,Sashenka,Stanwood,Sashenka.Stanwood@mail.com,Sashenka.Stanwood@gmail.com,worker,42
363,Lucille,Kalinda,Lucille.Kalinda@mail.com,Lucille.Kalinda@gmail.com,worker,18
364,Rosabelle,Percy,Rosabelle.Percy@mail.com,Rosabelle.Percy@gmail.com,developer,42
365,Margarette,Hutchison,Margarette.Hutchison@mail.com,Margarette.Hutchison@gmail.com,developer,42
366,Genovera,Ramona,Genovera.Ramona@mail.com,Genovera.Ramona@gmail.com,police officer,44
367,Rosaline,Dash,Rosaline.Dash@mail.com,Rosaline.Dash@gmail.com,worker,21
368,Lizzie,Durware,Lizzie.Durware@mail.com,Lizzie.Durware@gmail.com,police officer,20
369,Dorothy,Libna,Dorothy.Libna@mail.com,Dorothy.Libna@gmail.com,developer,40
370,Natka,Center,Natka.Center@mail.com,Natka.Center@gmail.com,developer,50
371,Joy,Kylander,Joy.Kylander@mail.com,Joy.Kylander@gmail.com,developer,37
372,Shandie,Chabot,Shandie.Chabot@mail.com,Shandie.Chabot@gmail.com,web_developer,34
373,Damaris,Alexandr,Damaris.Alexandr@mail.com,Damaris.Alexandr@gmail.com,web_developer,37
374,Rebeca,Dash,Rebeca.Dash@mail.com,Rebeca.Dash@gmail.com,developer,18
375,Eadie,Lane,Eadie.Lane@mail.com,Eadie.Lane@gmail.com,web_developer,33
376,Gwyneth,Han,Gwyneth.Han@mail.com,Gwyneth.Han@gmail.com,developer,44
377,Ardys,Posner,Ardys.Posner@mail.com,Ardys.Posner@gmail.com,worker,18
378,Ethel,Sancho,Ethel.Sancho@mail.com,Ethel.Sancho@gmail.com,web_developer,25
379,Bobbi,Daveta,Bobbi.Daveta@mail.com,Bobbi.Daveta@gmail.com,police officer,46
380,Eugine,Dash,Eugine.Dash@mail.com,Eugine.Dash@gmail.com,developer,40
381,Dawn,Philoo,Dawn.Philoo@mail.com,Dawn.Philoo@gmail.com,worker,44
382,Ardenia,Janith,Ardenia.Janith@mail.com,Ardenia.Janith@gmail.com,police officer,24
383,Kore,Buffum,Kore.Buffum@mail.com,Kore.Buffum@gmail.com,worker,40
384,Quintina,Granoff,Quintina.Granoff@mail.com,Quintina.Granoff@gmail.com,web_developer,24
385,Peri,Amasa,Peri.Amasa@mail.com,Peri.Amasa@gmail.com,police officer,36
386,Barbara,Dichy,Barbara.Dichy@mail.com,Barbara.Dichy@gmail.com,developer,29
387,Joy,Weitman,Joy.Weitman@mail.com,Joy.Weitman@gmail.com,worker,43
388,Sybille,Dosia,Sybille.Dosia@mail.com,Sybille.Dosia@gmail.com,worker,24
389,Randa,Nance,Randa.Nance@mail.com,Randa.Nance@gmail.com,web_developer,22
390,Ingrid,Roscoe,Ingrid.Roscoe@mail.com,Ingrid.Roscoe@gmail.com,developer,23
391,Oona,Rosalba,Oona.Rosalba@mail.com,Oona.Rosalba@gmail.com,police officer,32
392,Tera,Ortrude,Tera.Ortrude@mail.com,Tera.Ortrude@gmail.com,police officer,18
393,Cristine,Donoghue,Cristine.Donoghue@mail.com,Cristine.Donoghue@gmail.com,police officer,32
394,Amii,Sikorski,Amii.Sikorski@mail.com,Amii.Sikorski@gmail.com,worker,35
395,Codie,Bari,Codie.Bari@mail.com,Codie.Bari@gmail.com,police officer,49
396,Alie,Carlson,Alie.Carlson@mail.com,Alie.Carlson@gmail.com,developer,29
397,Kalina,Sallyann,Kalina.Sallyann@mail.com,Kalina.Sallyann@gmail.com,police officer,23
398,Penelopa,Lattie,Penelopa.Lattie@mail.com,Penelopa.Lattie@gmail.com,police officer,42
399,Alisha,Saunderson,Alisha.Saunderson@mail.com,Alisha.Saunderson@gmail.com,police officer,54
400,Peri,Narton,Peri.Narton@mail.com,Peri.Narton@gmail.com,worker,27
401,Kayla,Tamsky,Kayla.Tamsky@mail.com,Kayla.Tamsky@gmail.com,worker,31
402,Ofilia,Kauppi,Ofilia.Kauppi@mail.com,Ofilia.Kauppi@gmail.com,worker,48
403,Sallie,Kirbee,Sallie.Kirbee@mail.com,Sallie.Kirbee@gmail.com,developer,21
404,Lynea,Elsinore,Lynea.Elsinore@mail.com,Lynea.Elsinore@gmail.com,worker,35
405,Carolina,Alejoa,Carolina.Alejoa@mail.com,Carolina.Alejoa@gmail.com,developer,47
406,Karina,McGrody,Karina.McGrody@mail.com,Karina.McGrody@gmail.com,police officer,51
407,Lelah,Ries,Lelah.Ries@mail.com,Lelah.Ries@gmail.com,worker,49
408,Merry,Melan,Merry.Melan@mail.com,Merry.Melan@gmail.com,developer,38
409,Meg,Waldron,Meg.Waldron@mail.com,Meg.Waldron@gmail.com,web_developer,39
410,Mara,Mata,Mara.Mata@mail.com,Mara.Mata@gmail.com,developer,37
411,Meriel,Lalitta,Meriel.Lalitta@mail.com,Meriel.Lalitta@gmail.com,worker,45
412,Belva,Firmin,Belva.Firmin@mail.com,Belva.Firmin@gmail.com,web_developer,51
413,Shauna,Tice,Shauna.Tice@mail.com,Shauna.Tice@gmail.com,police officer,31
414,Joceline,Kaja,Joceline.Kaja@mail.com,Joceline.Kaja@gmail.com,developer,39
415,Etta,Joeann,Etta.Joeann@mail.com,Etta.Joeann@gmail.com,police officer,48
416,Althea,Beebe,Althea.Beebe@mail.com,Althea.Beebe@gmail.com,worker,48
417,Mariele,Helve,Mariele.Helve@mail.com,Mariele.Helve@gmail.com,worker,18
418,Kellen,Magdalen,Kellen.Magdalen@mail.com,Kellen.Magdalen@gmail.com,police officer,31
419,Shaylyn,Felecia,Shaylyn.Felecia@mail.com,Shaylyn.Felecia@gmail.com,worker,18
420,Judy,Killigrew,Judy.Killigrew@mail.com,Judy.Killigrew@gmail.com,police officer,36
421,Dianemarie,Haymes,Dianemarie.Haymes@mail.com,Dianemarie.Haymes@gmail.com,web_developer,25
422,Henriette,Fink,Henriette.Fink@mail.com,Henriette.Fink@gmail.com,web_developer,54
423,Ayn,Douglass,Ayn.Douglass@mail.com,Ayn.Douglass@gmail.com,police officer,46
424,Mureil,Susannah,Mureil.Susannah@mail.com,Mureil.Susannah@gmail.com,web_developer,34
425,Hallie,Berriman,Hallie.Berriman@mail.com,Hallie.Berriman@gmail.com,police officer,25
426,Aeriela,Baudin,Aeriela.Baudin@mail.com,Aeriela.Baudin@gmail.com,developer,28
427,Rosanne,Infield,Rosanne.Infield@mail.com,Rosanne.Infield@gmail.com,police officer,27
428,Viki,Pond,Viki.Pond@mail.com,Viki.Pond@gmail.com,worker,47
429,Veda,Obed,Veda.Obed@mail.com,Veda.Obed@gmail.com,web_developer,42
430,Marcelline,Lymann,Marcelline.Lymann@mail.com,Marcelline.Lymann@gmail.com,web_developer,51
431,Keelia,Horan,Keelia.Horan@mail.com,Keelia.Horan@gmail.com,web_developer,49
432,Candi,Noelyn,Candi.Noelyn@mail.com,Candi.Noelyn@gmail.com,police officer,18
433,Belva,Gunn,Belva.Gunn@mail.com,Belva.Gunn@gmail.com,developer,43
434,Sashenka,Anis,Sashenka.Anis@mail.com,Sashenka.Anis@gmail.com,developer,27
435,Gilligan,Brenn,Gilligan.Brenn@mail.com,Gilligan.Brenn@gmail.com,developer,43
436,Sheree,Jacinda,Sheree.Jacinda@mail.com,Sheree.Jacinda@gmail.com,police officer,26
437,Gale,Ashok,Gale.Ashok@mail.com,Gale.Ashok@gmail.com,developer,23
438,Adelle,Truc,Adelle.Truc@mail.com,Adelle.Truc@gmail.com,worker,35
439,Elka,Bakerman,Elka.Bakerman@mail.com,Elka.Bakerman@gmail.com,developer,41
440,Joceline,Carvey,Joceline.Carvey@mail.com,Joceline.Carvey@gmail.com,web_developer,32
441,Joy,Ries,Joy.Ries@mail.com,Joy.Ries@gmail.com,developer,20
442,Cindelyn,Lindemann,Cindelyn.Lindemann@mail.com,Cindelyn.Lindemann@gmail.com,police officer,35
443,Dacia,Marijo,Dacia.Marijo@mail.com,Dacia.Marijo@gmail.com,police officer,35
444,Wilma,Lunsford,Wilma.Lunsford@mail.com,Wilma.Lunsford@gmail.com,web_developer,25
445,Arabel,Silvan,Arabel.Silvan@mail.com,Arabel.Silvan@gmail.com,developer,50
446,Fayre,Eiser,Fayre.Eiser@mail.com,Fayre.Eiser@gmail.com,worker,29
447,Carree,Connelly,Carree.Connelly@mail.com,Carree.Connelly@gmail.com,web_developer,20
448,Hettie,Poll,Hettie.Poll@mail.com,Hettie.Poll@gmail.com,developer,53
449,Kerrin,Nunci,Kerrin.Nunci@mail.com,Kerrin.Nunci@gmail.com,police officer,32
450,Yvonne,Bigner,Yvonne.Bigner@mail.com,Yvonne.Bigner@gmail.com,web_developer,54
451,Annice,McCutcheon,Annice.McCutcheon@mail.com,Annice.McCutcheon@gmail.com,police officer,40
452,Babita,Geffner,Babita.Geffner@mail.com,Babita.Geffner@gmail.com,developer,37
453,Lynea,Ezar,Lynea.Ezar@mail.com,Lynea.Ezar@gmail.com,developer,29
454,Gavrielle,Cadmar,Gavrielle.Cadmar@mail.com,Gavrielle.Cadmar@gmail.com,web_developer,28
455,Donnie,Waldron,Donnie.Waldron@mail.com,Donnie.Waldron@gmail.com,web_developer,22
456,Diena,Wyn,Diena.Wyn@mail.com,Diena.Wyn@gmail.com,web_developer,22
457,Kara-Lynn,Ogren,Kara-Lynn.Ogren@mail.com,Kara-Lynn.Ogren@gmail.com,police officer,18
458,Agathe,Lytton,Agathe.Lytton@mail.com,Agathe.Lytton@gmail.com,police officer,18
459,Selia,Raychel,Selia.Raychel@mail.com,Selia.Raychel@gmail.com,developer,26
460,Cyb,McClimans,Cyb.McClimans@mail.com,Cyb.McClimans@gmail.com,web_developer,40
461,Nonnah,Buckler,Nonnah.Buckler@mail.com,Nonnah.Buckler@gmail.com,worker,38
462,Oona,Thar,Oona.Thar@mail.com,Oona.Thar@gmail.com,developer,29
463,Lisette,Dahlia,Lisette.Dahlia@mail.com,Lisette.Dahlia@gmail.com,web_developer,32
464,Ada,Baylor,Ada.Baylor@mail.com,Ada.Baylor@gmail.com,worker,38
465,Ericka,Khorma,Ericka.Khorma@mail.com,Ericka.Khorma@gmail.com,police officer,21
466,Gerianna,Kendrick,Gerianna.Kendrick@mail.com,Gerianna.Kendrick@gmail.com,worker,48
467,Nannie,Gerge,Nannie.Gerge@mail.com,Nannie.Gerge@gmail.com,web_developer,19
468,Winifred,Georas,Winifred.Georas@mail.com,Winifred.Georas@gmail.com,worker,40
469,Lila,Noman,Lila.Noman@mail.com,Lila.Noman@gmail.com,police officer,49
470,Steffane,Rooney,Steffane.Rooney@mail.com,Steffane.Rooney@gmail.com,worker,38
471,Ebonee,Klemperer,Ebonee.Klemperer@mail.com,Ebonee.Klemperer@gmail.com,police officer,27
472,Penelopa,Carvey,Penelopa.Carvey@mail.com,Penelopa.Carvey@gmail.com,developer,41
473,Shel,Brenn,Shel.Brenn@mail.com,Shel.Brenn@gmail.com,worker,39
474,Gwyneth,Dorcy,Gwyneth.Dorcy@mail.com,Gwyneth.Dorcy@gmail.com,police officer,19
475,Diena,Dom,Diena.Dom@mail.com,Diena.Dom@gmail.com,web_developer,36
476,Patricia,Scammon,Patricia.Scammon@mail.com,Patricia.Scammon@gmail.com,police officer,31
477,Kerrin,Saint,Kerrin.Saint@mail.com,Kerrin.Saint@gmail.com,police officer,44
478,Jaime,Hessler,Jaime.Hessler@mail.com,Jaime.Hessler@gmail.com,developer,39
479,Selma,Muriel,Selma.Muriel@mail.com,Selma.Muriel@gmail.com,web_developer,25
480,Ottilie,Dreda,Ottilie.Dreda@mail.com,Ottilie.Dreda@gmail.com,worker,29
481,Anallese,Serilda,Anallese.Serilda@mail.com,Anallese.Serilda@gmail.com,web_developer,23
482,Louella,Hachmin,Louella.Hachmin@mail.com,Louella.Hachmin@gmail.com,developer,48
483,Ericka,Wattenberg,Ericka.Wattenberg@mail.com,Ericka.Wattenberg@gmail.com,worker,48
484,Nannie,Si,Nannie.Si@mail.com,Nannie.Si@gmail.com,developer,42
485,Renae,Amand,Renae.Amand@mail.com,Renae.Amand@gmail.com,police officer,21
486,Meriel,Vins,Meriel.Vins@mail.com,Meriel.Vins@gmail.com,worker,32
487,Randa,Zeeba,Randa.Zeeba@mail.com,Randa.Zeeba@gmail.com,web_developer,25
488,Emelina,Lytton,Emelina.Lytton@mail.com,Emelina.Lytton@gmail.com,web_developer,31
489,Lesly,Chobot,Lesly.Chobot@mail.com,Lesly.Chobot@gmail.com,developer,23
490,Therine,Leifeste,Therine.Leifeste@mail.com,Therine.Leifeste@gmail.com,police officer,36
491,Fanny,Guildroy,Fanny.Guildroy@mail.com,Fanny.Guildroy@gmail.com,police officer,50
492,Marcy,Millda,Marcy.Millda@mail.com,Marcy.Millda@gmail.com,worker,50
493,Berta,Ezar,Berta.Ezar@mail.com,Berta.Ezar@gmail.com,web_developer,36
494,Gaylene,Juan,Gaylene.Juan@mail.com,Gaylene.Juan@gmail.com,police officer,34
495,Kristan,Billye,Kristan.Billye@mail.com,Kristan.Billye@gmail.com,developer,26
496,Bill,Alwin,Bill.Alwin@mail.com,Bill.Alwin@gmail.com,worker,19
497,Robinia,Persse,Robinia.Persse@mail.com,Robinia.Persse@gmail.com,police officer,34
498,Sabina,Chinua,Sabina.Chinua@mail.com,Sabina.Chinua@gmail.com,worker,33
499,Tressa,Konyn,Tressa.Konyn@mail.com,Tressa.Konyn@gmail.com,police officer,33
500,Nanete,Rozanna,Nanete.Rozanna@mail.com,Nanete.Rozanna@gmail.com,police officer,35
501,Ezmeralda,Bethany,Ezmeralda.Bethany@mail.com,Ezmeralda.Bethany@gmail.com,police officer,23
502,Dawn,Leffen,Dawn.Leffen@mail.com,Dawn.Leffen@gmail.com,web_developer,38
503,Candy,Mott,Candy.Mott@mail.com,Candy.Mott@gmail.com,police officer,51
504,Leona,Ax,Leona.Ax@mail.com,Leona.Ax@gmail.com,worker,42
505,Annora,Haymes,Annora.Haymes@mail.com,Annora.Haymes@gmail.com,web_developer,38
506,Helsa,Corrine,Helsa.Corrine@mail.com,Helsa.Corrine@gmail.com,developer,18
507,Jacenta,Ellord,Jacenta.Ellord@mail.com,Jacenta.Ellord@gmail.com,police officer,21
508,Chere,Jaylene,Chere.Jaylene@mail.com,Chere.Jaylene@gmail.com,web_developer,42
509,Kaia,Rooney,Kaia.Rooney@mail.com,Kaia.Rooney@gmail.com,worker,47
510,Henriette,Knowling,Henriette.Knowling@mail.com,Henriette.Knowling@gmail.com,web_developer,20
511,Cherrita,Ellerey,Cherrita.Ellerey@mail.com,Cherrita.Ellerey@gmail.com,police officer,33
512,Paola,Wilkinson,Paola.Wilkinson@mail.com,Paola.Wilkinson@gmail.com,web_developer,21
513,Blinni,Kirbee,Blinni.Kirbee@mail.com,Blinni.Kirbee@gmail.com,police officer,28
514,Sherrie,Cressida,Sherrie.Cressida@mail.com,Sherrie.Cressida@gmail.com,developer,18
515,Devina,Ventre,Devina.Ventre@mail.com,Devina.Ventre@gmail.com,police officer,54
516,Micheline,Glovsky,Micheline.Glovsky@mail.com,Micheline.Glovsky@gmail.com,developer,27
517,Fayre,Arley,Fayre.Arley@mail.com,Fayre.Arley@gmail.com,police officer,45
518,Minda,Charity,Minda.Charity@mail.com,Minda.Charity@gmail.com,developer,42
519,Marcelline,Loleta,Marcelline.Loleta@mail.com,Marcelline.Loleta@gmail.com,worker,22
520,Rayna,Clara,Rayna.Clara@mail.com,Rayna.Clara@gmail.com,web_developer,35
521,Pollyanna,Mich,Pollyanna.Mich@mail.com,Pollyanna.Mich@gmail.com,developer,49
522,Kimberley,Silvan,Kimberley.Silvan@mail.com,Kimberley.Silvan@gmail.com,police officer,38
523,Christy,Hazlett,Christy.Hazlett@mail.com,Christy.Hazlett@gmail.com,developer,24
524,Lilith,Henebry,Lilith.Henebry@mail.com,Lilith.Henebry@gmail.com,web_developer,29